"u1","u2","u3","u4","u5","u6","u7","u8","u9"
-197.493,-7.24800000000005,-27882.8281239224,536.539230000009,27047.371,0.162,1.825,-1271.024,0.375
5672.507,-9.24800000000005,-27882.8281239224,-12803.69077,-441332.629,-0.838,1.825,124.976,0.375
7808.507,4.75199999999995,-27882.8281239224,-32136.13077,75966.371,-0.838,-2.175,-605.024,0.375
-3951.493,0.751999999999953,-27882.8281239224,123386.64923,52671.371,-1.838,1.825,1164.976,-0.625
4549.507,4.75199999999995,-27882.8281239224,-50322.57077,-291163.629,0.162,-2.175,20.9760000000001,0.375
2673.507,4.75199999999995,-27882.8281239224,-7887.54076999999,-367189.629,0.162,-2.175,748.976,-0.625
-1633.493,-3.24800000000005,-27882.8281239224,-20134.91077,30255.371,2.162,2.825,729.976,0.375
-976.493,-1.24800000000005,-27882.8281239224,-43985.07077,149613.371,1.162,-2.175,954.976,-0.625
4152.507,-9.24800000000005,-27882.8281239224,-10037.99077,-395662.629,-1.838,-2.175,330.976,-0.625
-2594.493,-11.248,-27882.8281239224,-50714.24077,323612.371,1.162,0.824999999999999,-935.024,0.375
480.507,10.752,-14704.1392839224,37884.04923,739362.371,0.162,0.824999999999999,124.976,0.375
4904.507,6.75199999999995,-14704.1392839224,37884.04923,-361182.629,1.162,-2.175,124.976,0.375
-3375.493,-4.24800000000005,-14704.1392839224,-45891.84077,40073.371,0.162,-1.175,-395.024,0.375
335.507,12.752,19086.0988360776,237752.84923,268055.371,-1.838,1.825,124.976,-0.625
1348.507,10.752,-10651.6988139224,50041.34923,-14782.629,2.162,1.825,644.976,0.375
-2454.493,-9.24800000000005,-10651.6988139224,-46914.08077,52389.371,1.162,-2.175,-747.024,-0.625
6239.507,-1.24800000000005,-10651.6988139224,-42594.79077,-405232.629,-1.838,-2.175,-135.024,-0.625
787.507,16.752,-10651.6988139224,-35878.24077,112345.371,-1.838,-0.175000000000001,-395.024,-0.625
-690.493,10.752,-10651.6988139224,52067.64923,189543.371,2.162,-2.175,124.976,0.375
-3911.493,4.75199999999995,-10651.6988139224,-7887.54076999999,7666.37099999998,0.162,-0.175000000000001,-395.024,0.375
-650.493,14.752,-10651.6988139224,29909.54923,94275.371,-1.838,-1.175,-135.024,-0.625
7908.507,-5.24800000000005,-10651.6988139224,-43485.82077,-331558.629,1.162,-2.175,-395.024,0.375
-3149.493,4.75199999999995,-10651.6988139224,16361.03923,93162.371,3.162,-2.175,374.976,0.375
5097.507,-12.248,-10651.6988139224,-36063.31077,-432991.629,-0.838,-1.175,-85.0239999999999,0.375
-2697.493,-1.24800000000005,-10651.6988139224,-32862.85077,36033.371,0.162,1.825,-655.024,0.375
-857.493,0.751999999999953,-10651.6988139224,-23733.84077,109773.371,-0.838,-2.175,384.976,-0.625
-4039.493,-9.24800000000005,-10651.6988139224,-32163.64077,-376183.629,-1.838,2.825,-1035.024,-0.625
2704.507,0.751999999999953,-10651.6988139224,123386.64923,-369770.629,1.162,4.825,1164.976,0.375
1697.507,-9.24800000000005,-10651.6988139224,-65352.12777,-399916.629,2.162,-0.175000000000001,-1675.024,0.375
4170.507,-9.24800000000005,-10651.6988139224,-19257.01077,-402441.629,1.162,-2.175,-185.024,0.375
1655.507,4.75199999999995,-23639.3258679224,-11524.83077,-433178.629,-1.838,-0.175000000000001,844.976,-0.625
-513.493,16.752,19755.3848460776,54405.24923,181710.371,-0.838,2.825,644.976,0.375
1316.507,4.75199999999995,19755.3848460776,54405.24923,39204.371,2.162,1.825,-1695.024,0.375
-496.493,10.752,-29900.7910469224,-11758.32077,318430.371,2.162,-2.175,-395.024,0.375
-2321.493,2.75199999999995,-29900.7910469224,-31511.17077,-337271.629,2.162,-2.175,-395.024,0.375
608.507,-11.248,-29900.7910469224,-46738.09077,-6542.62900000002,2.162,-2.175,-164.024,0.375
-1952.493,-7.24800000000005,-29900.7910469224,-64556.79077,-382927.629,3.162,-2.175,-1220.024,0.375
-2896.493,4.75199999999995,-6665.3168439224,58796.04923,237562.371,-1.838,4.825,644.976,-0.625
2822.507,14.752,-21415.6516119224,23260.81923,-383277.629,-1.838,-2.175,-995.024,-0.625
5757.507,-3.24800000000005,-21415.6516119224,-30433.66077,-448360.629,1.162,-2.175,280.976,0.375
-3111.493,16.752,-21415.6516119224,266584.24923,222055.371,-0.838,0.824999999999999,644.976,0.375
3973.507,2.75199999999995,-21415.6516119224,-55574.10077,-259656.629,-1.838,-4.175,-395.024,-0.625
-2929.493,-6.24800000000005,-21415.6516119224,-34532.81077,-370143.629,0.162,1.825,-135.024,0.375
-294.493,-3.24800000000005,-21415.6516119224,-23077.41077,-58197.629,2.162,-2.175,4.97600000000011,0.375
-3361.493,-7.24800000000005,-21415.6516119224,-25500.79077,165195.371,-1.838,1.825,-35.0239999999999,-0.625
-2121.493,-6.24800000000005,-21415.6516119224,-22601.39077,43113.371,-0.838,-0.175000000000001,452.976,-0.625
-3517.493,16.752,5936.4886660776,266584.24923,421118.371,3.162,4.825,124.976,0.375
-28.4929999999999,4.75199999999995,5936.4886660776,211562.14923,127260.371,1.162,-0.175000000000001,2724.976,0.375
-1786.493,10.752,5936.4886660776,-12771.43077,354451.371,1.162,5.825,-343.024,0.375
-3786.493,-10.248,5936.4886660776,-58256.29077,-412271.629,1.162,-4.175,-731.024,-0.625
1468.507,2.75199999999995,5936.4886660776,79938.14923,49059.371,-0.838,-0.175000000000001,228.976,0.375
-2928.493,-8.24800000000005,5936.4886660776,-30583.64077,200090.371,-0.838,1.825,124.976,-0.625
3648.507,14.752,-4318.8024139224,82149.94923,-103124.629,2.162,3.825,124.976,0.375
-3068.493,4.75199999999995,-4318.8024139224,52733.94923,100680.371,-0.838,1.825,644.976,0.375
-3183.493,2.75199999999995,-4318.8024139224,-6181.77076999999,432187.371,1.162,-2.175,384.976,0.375
941.507,-4.24800000000005,-4318.8024139224,-30797.46077,-428314.629,2.162,-0.175000000000001,745.976,0.375
-2929.493,6.75199999999995,-4318.8024139224,232422.74923,-316039.629,1.162,1.825,-135.024,0.375
-3249.493,-4.24800000000005,-4318.8024139224,15995.10923,360088.371,1.162,-2.175,344.976,0.375
-1368.493,0.751999999999953,-4318.8024139224,12387.39923,-397563.629,-0.838,1.825,-395.024,0.375
-4032.493,-1.24800000000005,-4318.8024139224,503.77923,310776.371,-0.838,-2.175,644.976,0.375
-3342.493,16.752,429715.971636078,266584.24923,353557.371,0.162,-1.175,540.976,0.375
1712.507,4.75199999999995,-9090.1752739224,76982.54923,-370555.629,2.162,1.825,-31.0239999999999,0.375
233.507,-4.24800000000005,-9090.1752739224,-65514.52577,34867.371,-0.838,-2.175,-1434.024,0.375
1988.507,16.752,-9090.1752739224,-37720.76077,-213872.629,1.162,2.825,-555.024,0.375
1459.507,-10.248,-9090.1752739224,39416.04923,177201.371,0.162,-2.175,124.976,0.375
-1176.493,4.75199999999995,-9090.1752739224,211562.14923,475903.371,-1.838,1.825,124.976,-0.625
175.507,10.752,-9090.1752739224,-50256.51077,41394.371,0.162,-1.175,124.976,0.375
-3165.493,10.752,-9090.1752739224,47002.04923,212824.371,1.162,4.825,124.976,-0.625
1736.507,-3.24800000000005,-9090.1752739224,-33376.16077,-415210.629,1.162,-2.175,259.976,0.375
-2929.493,12.752,-9090.1752739224,-33376.16077,-306061.629,-0.838,1.825,124.976,0.375
2281.507,-4.24800000000005,-9090.1752739224,-39854.09077,-412550.629,0.162,-1.175,274.976,0.375
-3853.493,12.752,-9090.1752739224,237752.84923,462305.371,0.162,1.825,-61.0239999999999,0.375
-1428.493,-8.24800000000005,-9090.1752739224,-42900.14077,-404776.629,-1.838,-2.175,38.9760000000001,-0.625
-2468.493,2.75199999999995,-9090.1752739224,-46708.81077,215186.371,1.162,2.825,-395.024,0.375
-2556.493,10.752,-9090.1752739224,11543.20923,191200.371,1.162,-2.175,384.976,0.375
-2108.493,-3.24800000000005,-9090.1752739224,-5422.41076999999,71769.371,2.162,-2.175,1552.976,0.375
1441.507,10.752,-9090.1752739224,-40125.41077,-20732.629,-0.838,1.825,-755.024,0.375
7786.507,-9.24800000000005,-9090.1752739224,30754.34923,-319765.629,-1.838,-2.175,-515.024,-0.625
-4062.493,8.75199999999995,-9090.1752739224,-4244.30076999999,338567.371,1.162,-0.175000000000001,124.976,0.375
-3614.493,-1.24800000000005,-9090.1752739224,-20350.36077,41375.371,1.162,1.825,124.976,0.375
-843.493,-3.24800000000005,-9090.1752739224,-30433.66077,-34051.629,-0.838,2.825,-290.024,0.375
-2116.493,12.752,-30513.9011639224,-17571.15077,41373.371,-0.838,-0.175000000000001,20.9760000000001,0.375
-1998.493,-8.24800000000005,-30513.9011639224,-57908.68077,139497.371,0.162,-2.175,-395.024,0.375
633.507,-7.24800000000005,-30513.9011639224,49411.64923,-46716.629,-1.838,1.825,1128.976,-0.625
5775.507,8.75199999999995,-30513.9011639224,22804.48923,-426772.629,-1.838,4.825,-135.024,-0.625
-3342.493,-11.248,-30513.9011639224,11152.68923,136511.371,0.162,-2.175,404.976,0.375
3635.507,-4.24800000000005,-30513.9011639224,-29288.02077,-420444.629,-1.838,0.824999999999999,124.976,-0.625
5272.507,-1.24800000000005,-30513.9011639224,-55107.28077,-408760.629,0.162,-0.175000000000001,-555.024,0.375
-1256.493,-4.24800000000005,-30513.9011639224,-51929.59077,36806.371,1.162,-1.175,-505.024,0.375
-625.493,-9.24800000000005,-30513.9011639224,-59820.71077,104834.371,0.162,-2.175,-1105.024,-0.625
979.507,-4.24800000000005,-30513.9011639224,-20231.40077,46093.371,0.162,-2.175,1457.976,0.375
175.507,12.752,-30513.9011639224,-4571.15076999999,54429.371,0.162,-0.175000000000001,124.976,0.375
1090.507,-9.24800000000005,-30513.9011639224,4712.44923000001,-25060.629,-1.838,-2.175,20.9760000000001,-0.625
492.507,4.75199999999995,-30513.9011639224,-18799.41077,-271423.629,1.162,1.825,124.976,0.375
5717.507,10.752,-30513.9011639224,-34046.74077,-405363.629,0.162,-2.175,-1103.024,0.375
-2876.493,-5.24800000000005,-30513.9011639224,-20171.83077,-373611.629,-0.838,1.825,124.976,-0.625
-29.4929999999999,0.751999999999953,-30513.9011639224,41819.54923,-61249.629,-0.838,0.824999999999999,1684.976,0.375
3265.507,-3.24800000000005,-30513.9011639224,-34847.40077,-427011.629,-1.838,-0.175000000000001,-395.024,-0.625
-3200.493,14.752,-30513.9011639224,27060.14923,483666.371,0.162,-2.175,644.976,0.375
5638.507,-10.248,-30513.9011639224,-34743.69077,-415057.629,-1.838,-1.175,-271.024,-0.625
-280.493,-12.248,-30513.9011639224,-23902.94077,60375.371,2.162,-2.175,434.976,0.375
-3048.493,10.752,-30513.9011639224,-13784.54077,294689.371,1.162,1.825,644.976,0.375
3348.507,-9.24800000000005,-30513.9011639224,-28476.03077,-327899.629,0.162,-1.175,-325.024,0.375
1019.507,-7.24800000000005,-30513.9011639224,-45195.70077,107173.371,-0.838,1.825,-343.024,0.375
6110.507,-7.24800000000005,-30513.9011639224,-39520.90077,-388030.629,1.162,-2.175,-87.0239999999999,-0.625
2058.507,-3.24800000000005,-30513.9011639224,4876.33923000001,-314466.629,0.162,-0.175000000000001,-315.024,0.375
-599.493,4.75199999999995,-30513.9011639224,211562.14923,89900.371,1.162,3.825,124.976,0.375
-2876.493,-7.24800000000005,-30513.9011639224,-41189.95077,-374862.629,-0.838,1.825,994.976,-0.625
4836.507,-3.24800000000005,-30513.9011639224,-43674.90077,-416388.629,0.162,-2.175,132.976,0.375
-4034.493,-9.24800000000005,-30513.9011639224,-39538.86077,108325.371,0.162,-2.175,-395.024,0.375
-3137.493,-13.248,-30513.9011639224,-51490.55077,190673.371,0.162,1.825,219.976,0.375
-1120.493,8.75199999999995,-30778.6572178224,-52932.12077,-310447.629,-1.838,-4.175,-725.024,-0.625
-3179.493,-7.24800000000005,-30778.6572178224,-39520.90077,29586.371,-1.838,-2.175,254.976,-0.625
-2440.493,12.752,19086.0988360776,70428.84923,75339.371,-1.838,1.825,124.976,-0.625
-1985.493,2.75199999999995,19086.0988360776,-42909.40077,215186.371,0.162,-2.175,-135.024,-0.625
-1838.493,-8.24800000000005,19086.0988360776,-39381.14077,13625.371,-1.838,1.825,-875.024,-0.625
-3180.493,-10.248,19086.0988360776,-11231.09077,128012.371,-0.838,-2.175,834.976,-0.625
-730.493,4.75199999999995,19086.0988360776,-36985.85077,-47394.629,0.162,3.825,-343.024,0.375
436.507,-13.248,19086.0988360776,-38901.13077,-355550.629,-1.838,1.825,-187.024,-0.625
335.507,8.75199999999995,131378.834136078,228176.24923,310517.371,-1.838,1.825,124.976,-0.625
2048.507,0.751999999999953,131378.834136078,-57179.44077,-397518.629,0.162,-2.175,-395.024,-0.625
-813.493,-1.24800000000005,131378.834136078,-38423.96077,428577.371,-0.838,-1.175,-395.024,0.375
-48.4929999999999,4.75199999999995,131378.834136078,-6675.11077,247521.371,1.162,1.825,-499.024,0.375
-857.493,2.75199999999995,131378.834136078,-21379.41077,123292.371,-0.838,-2.175,384.976,-0.625
-181.493,4.75199999999995,-22426.8966519224,40609.64923,28439.371,1.162,3.825,124.976,0.375
-3299.493,-4.24800000000005,-22426.8966519224,-23250.27077,458255.371,-1.838,-2.175,1038.976,-0.625
995.507,4.75199999999995,-22426.8966519224,38184.74923,29747.371,-1.838,1.825,-395.024,-0.625
1023.507,12.752,-22426.8966519224,-54571.15077,157985.371,0.162,5.825,-395.024,0.375
-1056.493,14.752,-22426.8966519224,252007.14923,298225.371,1.162,-0.175000000000001,176.976,0.375
-2714.493,10.752,-22426.8966519224,-34046.74077,336307.371,0.162,-2.175,124.976,0.375
539.507,-3.24800000000005,-22426.8966519224,-34046.74077,173972.371,2.162,1.825,644.976,0.375
-2570.493,10.752,-22426.8966519224,14582.53923,319208.371,3.162,2.825,-135.024,0.375
-2570.493,8.75199999999995,-22426.8966519224,-9654.06077,356971.371,3.162,2.825,-140.024,0.375
-3603.493,4.75199999999995,-22426.8966519224,17573.46923,249061.371,2.162,1.825,-187.024,0.375
1134.507,2.75199999999995,-22426.8966519224,5216.45923000001,161088.371,-1.838,-1.175,779.976,-0.625
-2441.493,-1.24800000000005,-22426.8966519224,-19655.23077,31605.371,0.162,0.824999999999999,20.9760000000001,0.375
-2889.493,-10.248,-22426.8966519224,-43860.82077,177882.371,-1.838,2.825,-365.024,-0.625
-2046.493,-1.24800000000005,-22426.8966519224,118364.44923,199102.371,1.162,-1.175,904.976,0.375
-3506.493,16.752,-22426.8966519224,45192.64923,553748.371,-1.838,-1.175,-125.024,-0.625
7946.507,4.75199999999995,-22426.8966519224,-32136.13077,231873.371,0.162,-2.175,-83.0239999999999,-0.625
-418.493,-11.248,-22426.8966519224,-17910.99077,104319.371,-1.838,-2.175,70.9760000000001,-0.625
-3111.493,6.75199999999995,-22426.8966519224,232422.74923,157728.371,1.162,0.824999999999999,644.976,0.375
1286.507,-8.24800000000005,-22426.8966519224,-18267.14077,-399896.629,-0.838,-0.175000000000001,244.976,0.375
-3188.493,10.752,-22426.8966519224,-42151.63077,190703.371,0.162,0.824999999999999,-395.024,-0.625
-1572.493,-5.24800000000005,-22426.8966519224,-42151.63077,14720.371,1.162,-5.175,564.976,0.375
-720.493,-11.248,-22426.8966519224,-48726.17077,23713.371,-1.838,0.824999999999999,-1047.024,-0.625
-3188.493,-8.24800000000005,-22426.8966519224,-39381.14077,89473.371,-1.838,0.824999999999999,188.976,-0.625
1326.507,12.752,9086.0988360776,237752.84923,58913.371,3.162,1.825,-135.024,0.375
1554.507,14.752,-10017.7521439224,29909.54923,208525.371,1.162,-2.175,-291.024,0.375
5346.507,4.75199999999995,90329.0204360776,211562.14923,-371153.629,1.162,2.825,124.976,0.375
-2703.493,6.75199999999995,-21678.6758139224,-30703.83077,118803.371,-0.838,1.825,904.976,0.375
1787.507,-11.248,-21678.6758139224,-34809.63077,-442256.629,1.162,1.825,-267.024,0.375
-3110.493,16.752,-21678.6758139224,59011.54923,124017.371,-1.838,1.825,-135.024,-0.625
349.507,16.752,-29532.0115449224,-10082.97077,242403.371,0.162,3.825,-1035.024,0.375
-2023.493,-11.248,-29532.0115449224,-15326.49077,209952.371,-1.838,1.825,-135.024,-0.625
2383.507,-4.24800000000005,-29532.0115449224,-60986.21077,-365551.629,2.162,2.825,-692.024,0.375
7951.507,2.75199999999995,-29532.0115449224,-1115.88076999999,109943.371,-0.838,2.825,124.976,0.375
-1650.493,4.75199999999995,-29095.2573399224,-36985.85077,247087.371,0.162,-2.175,904.976,0.375
1787.507,-9.24800000000005,-29095.2573399224,-37695.06077,-442919.629,2.162,1.825,-331.024,0.375
5648.507,-11.248,-29095.2573399224,-32821.56077,-424112.629,0.162,-0.175000000000001,760.976,0.375
1752.507,-5.24800000000005,-29095.2573399224,-45817.22077,-293897.629,1.162,-2.175,154.976,0.375
-418.493,-3.24800000000005,-29095.2573399224,-18663.66077,156412.371,-0.838,-2.175,-173.024,-0.625
-193.493,14.752,-29095.2573399224,-46076.40077,248750.371,-1.838,-0.175000000000001,-1695.024,-0.625
-2969.493,-11.248,-29095.2573399224,11152.68923,427773.371,-1.838,-0.175000000000001,-295.024,-0.625
-321.493,-4.24800000000005,-29095.2573399224,-42872.96077,-39187.629,1.162,-2.175,1338.976,-0.625
-3183.493,0.751999999999953,-29095.2573399224,-7679.95077,381328.371,1.162,-2.175,176.976,0.375
-2575.493,0.751999999999953,-29095.2573399224,-2328.66076999999,277337.371,1.162,1.825,-915.024,0.375
260.507,-5.24800000000005,-29095.2573399224,-50635.45077,61017.371,-1.838,1.825,-291.024,-0.625
5352.507,14.752,-29095.2573399224,20411.33923,-418622.629,-1.838,-1.175,20.9760000000001,-0.625
531.507,-1.24800000000005,-29095.2573399224,15796.82923,55926.371,-0.838,-2.175,384.976,0.375
-1107.493,16.752,-29095.2573399224,8342.22923000001,219591.371,1.162,1.825,124.976,0.375
-2276.493,4.75199999999995,-29095.2573399224,46671.74923,181694.371,-0.838,5.825,124.976,0.375
7804.507,2.75199999999995,-29095.2573399224,-49241.75077,-2934.62900000002,0.162,-2.175,-1695.024,0.375
1294.507,4.75199999999995,-29095.2573399224,-39410.70077,152470.371,1.162,-2.175,384.976,0.375
-3066.493,-1.24800000000005,-29095.2573399224,-39410.70077,224842.371,0.162,-2.175,-395.024,-0.625
-2435.493,-6.24800000000005,-29095.2573399224,-23322.08077,-54552.629,-0.838,-2.175,189.976,-0.625
622.507,-1.24800000000005,-29095.2573399224,-39814.24077,156028.371,1.162,0.824999999999999,-1897.024,0.375
1348.507,6.75199999999995,-7825.8377839224,46641.14923,8607.37099999998,2.162,1.825,-135.024,0.375
-3193.493,6.75199999999995,-7825.8377839224,40869.14923,258479.371,-1.838,-2.175,-395.024,-0.625
4904.507,-5.24800000000005,-7825.8377839224,-35714.49077,-382527.629,1.162,-2.175,384.976,0.375
1348.507,8.75199999999995,6954.4037360776,60672.84923,540.370999999985,2.162,1.825,228.976,0.375
-2085.493,-1.24800000000005,6954.4037360776,-45375.34077,19302.371,2.162,-0.175000000000001,-1175.024,0.375
-321.493,-3.24800000000005,6954.4037360776,-48088.65077,-23247.629,1.162,-2.175,566.976,-0.625
1263.507,-9.24800000000005,6954.4037360776,-41382.67077,128670.371,1.162,-2.175,124.976,0.375
-425.493,-9.24800000000005,6954.4037360776,-28476.03077,191888.371,0.162,-4.175,-395.024,-0.625
617.507,-11.248,6954.4037360776,-28476.03077,-61863.629,-1.838,1.825,644.976,-0.625
-2147.493,-7.24800000000005,6954.4037360776,-17823.12077,24061.371,-1.838,-2.175,29.9760000000001,-0.625
3088.507,0.751999999999953,6954.4037360776,-51159.23077,-318653.629,3.162,-0.175000000000001,-603.024,-0.625
1030.507,-3.24800000000005,6954.4037360776,-6893.66076999999,89592.371,-1.838,-0.175000000000001,-135.024,-0.625
3443.507,-6.24800000000005,6954.4037360776,-47345.08077,-388750.629,-1.838,-0.175000000000001,-395.024,-0.625
4488.507,-4.24800000000005,6954.4037360776,-43627.68077,-257328.629,2.162,-2.175,0.976000000000113,-0.625
-3193.493,8.75199999999995,6954.4037360776,-20473.57077,284414.371,-1.838,-2.175,-1955.024,-0.625
-2057.493,2.75199999999995,6954.4037360776,-40376.46077,78330.371,1.162,-2.175,-395.024,0.375
-2404.493,-5.24800000000005,6954.4037360776,-27943.16077,28836.371,0.162,-3.175,-395.024,0.375
-2853.493,-1.24800000000005,6954.4037360776,-12008.71077,-299815.629,-0.838,-1.175,-395.024,0.375
-712.493,10.752,6954.4037360776,-49243.40077,165407.371,0.162,0.824999999999999,-1625.024,-0.625
4145.507,4.75199999999995,6954.4037360776,10298.89923,-417864.629,0.162,4.825,124.976,0.375
-489.493,16.752,-27689.4920539224,266584.24923,154711.371,-0.838,3.825,384.976,0.375
-1909.493,-6.24800000000005,-27689.4920539224,-55352.75077,18973.371,-0.838,-0.175000000000001,-254.024,0.375
335.507,10.752,131183.717636078,237287.44923,258833.371,-1.838,1.825,-135.024,-0.625
416.507,0.751999999999953,131183.717636078,-10355.60077,111658.371,-1.838,-1.175,972.976,-0.625
-2415.493,-8.24800000000005,131183.717636078,-48178.64077,185561.371,3.162,-2.175,-505.024,0.375
-2803.493,6.75199999999995,131183.717636078,21244.30923,277497.371,2.162,1.825,124.976,0.375
4152.507,-5.24800000000005,131183.717636078,-17063.29077,-390976.629,-1.838,-2.175,364.976,-0.625
-3630.493,2.75199999999995,131183.717636078,-36577.05077,54511.371,-0.838,-2.175,44.9760000000001,0.375
-875.493,-8.24800000000005,131183.717636078,-12988.64077,228234.371,-1.838,-2.175,917.976,-0.625
4649.507,-11.248,131183.717636078,-43040.27077,-463499.629,-0.838,-2.175,124.976,0.375
-1107.493,4.75199999999995,131183.717636078,34547.44923,147830.371,0.162,1.825,-395.024,0.375
1554.507,10.752,-10651.6988139224,2425.21923,122141.371,0.162,-2.175,-291.024,0.375
1598.507,-9.24800000000005,-10651.6988139224,-52445.49077,-60550.629,-1.838,3.825,-795.024,-0.625
-1952.493,-4.24800000000005,-10651.6988139224,-38344.65077,97600.371,2.162,-2.175,-225.024,0.375
-3048.493,14.752,-10651.6988139224,-17581.65077,202192.371,-1.838,1.825,124.976,-0.625
-1851.493,14.752,-27589.5138209224,28484.84923,401537.371,0.162,1.825,20.9760000000001,0.375
5618.507,-9.24800000000005,-27589.5138209224,-65352.12777,-430323.629,-1.838,-1.175,-395.024,-0.625
460.507,-3.24800000000005,-27589.5138209224,74985.84923,-375906.629,-0.838,1.825,-395.024,0.375
4386.507,-11.248,-27589.5138209224,-56479.66077,-413087.629,-1.838,-2.175,-330.024,-0.625
8091.507,10.752,-18756.5797539224,47002.04923,-196281.629,0.162,1.825,124.976,0.375
4064.507,-8.24800000000005,-18756.5797539224,-672.130769999989,-396312.629,-0.838,1.825,-185.024,0.375
-2842.493,16.752,-18756.5797539224,-3634.15076999999,263625.371,-0.838,-2.175,-395.024,0.375
-3203.493,-8.24800000000005,-18756.5797539224,-52753.35077,182818.371,-1.838,-1.175,776.976,-0.625
-3923.493,12.752,-18756.5797539224,-31571.15077,123614.371,-0.838,-2.175,20.9760000000001,-0.625
1574.507,10.752,-18756.5797539224,-56335.17077,-340246.629,-0.838,-2.175,-875.024,-0.625
-937.493,-7.24800000000005,-18756.5797539224,-50369.78077,243719.371,0.162,-2.175,-635.024,-0.625
943.507,-11.248,-18756.5797539224,-54690.39077,-13670.629,0.162,-2.175,-255.024,0.375
3531.507,-7.24800000000005,-18756.5797539224,-20326.71077,-306843.629,-0.838,3.825,-1400.024,0.375
-3816.493,-7.24800000000005,-18756.5797539224,-61218.67077,106915.371,2.162,-2.175,-1693.024,0.375
-2147.493,-5.24800000000005,-18756.5797539224,-15509.03077,25055.371,-1.838,-2.175,-154.024,-0.625
-533.493,-10.248,-18756.5797539224,-27354.01077,-260164.629,-0.838,-2.175,-577.024,-0.625
-3272.493,6.75199999999995,-18756.5797539224,-9924.57076999999,192679.371,2.162,-2.175,-435.024,0.375
-2570.493,4.75199999999995,-18756.5797539224,-16374.55077,308226.371,3.162,2.825,332.976,0.375
-3853.493,6.75199999999995,-18756.5797539224,232422.74923,455275.371,1.162,1.825,-135.024,0.375
1119.507,-3.24800000000005,-18756.5797539224,-44851.90077,77734.371,-1.838,-0.175000000000001,-395.024,-0.625
-1998.493,-9.24800000000005,-18756.5797539224,-65313.40777,129334.371,0.162,-2.175,-185.024,0.375
2678.507,-10.248,-18756.5797539224,-35799.35077,-399099.629,-1.838,1.825,-395.024,-0.625
2022.507,12.752,-27913.9011639224,-34571.15077,-177067.629,1.162,-0.175000000000001,124.976,-0.625
-2436.493,-6.24800000000005,-27913.9011639224,-45903.70077,-54552.629,-1.838,-2.175,-395.024,-0.625
561.507,-12.248,-27913.9011639224,-46196.95077,181132.371,-0.838,-1.175,-383.024,0.375
-3614.493,-9.24800000000005,-27913.9011639224,-22944.62077,28130.371,0.162,1.825,124.976,0.375
-2897.493,-4.24800000000005,-27913.9011639224,-68382.45677,301768.371,1.162,1.825,-395.024,0.375
2265.507,-3.24800000000005,-27913.9011639224,-68382.45677,-334810.629,0.162,0.824999999999999,-635.024,-0.625
867.507,-3.24800000000005,-27913.9011639224,-40732.40077,99720.371,-0.838,1.825,-325.024,0.375
1674.507,-7.24800000000005,-27913.9011639224,-39520.90077,-404538.629,1.162,-2.175,-187.024,0.375
-2357.493,-9.24800000000005,-27913.9011639224,-46914.08077,-308909.629,0.162,-0.175000000000001,-395.024,-0.625
-1199.493,12.752,219086.098836078,237752.84923,149198.371,-0.838,-0.175000000000001,956.976,0.375
622.507,-12.248,219086.098836078,-34036.58077,70044.371,-1.838,0.824999999999999,-95.0239999999999,-0.625
-691.493,10.752,219086.098836078,47002.04923,138104.371,0.162,-0.175000000000001,-83.0239999999999,0.375
2666.507,-3.24800000000005,219086.098836078,-40291.03077,-427183.629,0.162,-2.175,129.976,0.375
-537.493,-8.24800000000005,219086.098836078,8125.36923000001,-395907.629,-0.838,1.825,666.976,0.375
-875.493,-1.24800000000005,219086.098836078,503.77923,292928.371,-1.838,-2.175,384.976,-0.625
-3812.493,-1.24800000000005,219086.098836078,-51631.59077,197124.371,-1.838,-2.175,272.976,0.375
-44.4929999999999,-9.24800000000005,219086.098836078,-50601.69077,92058.371,-0.838,-1.175,-95.0239999999999,0.375
-309.493,-1.24800000000005,219086.098836078,-32862.85077,14132.371,-1.838,-2.175,904.976,-0.625
520.507,8.75199999999995,219086.098836078,-22637.47077,17678.371,0.162,2.825,124.976,-0.625
-2558.493,-8.24800000000005,219086.098836078,-49938.14077,236874.371,-1.838,-2.175,-1323.024,-0.625
-3812.493,2.75199999999995,219086.098836078,-42276.16077,252458.371,0.162,-2.175,331.976,0.375
2666.507,-8.24800000000005,219086.098836078,-18267.14077,-429987.629,0.162,-2.175,644.976,-0.625
2472.507,-9.24800000000005,219086.098836078,-12803.69077,-402531.629,2.162,1.825,368.976,0.375
-3951.493,2.75199999999995,219086.098836078,1417.04923,83600.371,-1.838,1.825,644.976,-0.625
-157.493,-3.24800000000005,219086.098836078,-23077.41077,15258.371,-0.838,-2.175,1798.976,0.375
-600.493,4.75199999999995,219086.098836078,-38198.27077,30817.371,2.162,-2.175,644.976,0.375
-174.493,0.751999999999953,219086.098836078,41819.54923,-16554.629,-1.838,2.825,-135.024,-0.625
-1633.493,-9.24800000000005,219086.098836078,-30319.84077,22009.371,1.162,2.825,474.976,0.375
-1711.493,14.752,-28064.4262979224,-36578.15077,-362280.629,-1.838,2.825,124.976,-0.625
-1633.493,-6.24800000000005,-28064.4262979224,-900.610769999999,27426.371,2.162,2.825,408.976,0.375
8364.507,-7.24800000000005,-28064.4262979224,-6974.24076999999,-451619.629,0.162,-2.175,452.976,0.375
4836.507,-12.248,-28064.4262979224,-46196.95077,-433038.629,0.162,-2.175,391.976,0.375
2265.507,2.75199999999995,-28064.4262979224,-55574.10077,-301257.629,-0.838,0.824999999999999,20.9760000000001,-0.625
-3180.493,0.751999999999953,-28064.4262979224,-5004.31077,172161.371,-1.838,-2.175,-395.024,-0.625
1674.507,-3.24800000000005,-28064.4262979224,-48088.65077,-410850.629,2.162,-2.175,-430.024,0.375
-2470.493,10.752,-28064.4262979224,237287.44923,48801.371,1.162,1.825,228.976,0.375
-3331.493,-1.24800000000005,-28064.4262979224,-45792.43077,59379.371,-0.838,-0.175000000000001,-31.0239999999999,-0.625
-937.493,-9.24800000000005,-28064.4262979224,-52445.49077,246847.371,0.162,-2.175,-515.024,-0.625
-1590.493,-1.24800000000005,-28064.4262979224,-60668.39077,160365.371,2.162,-6.175,-771.024,0.375
-3209.493,-9.24800000000005,-28064.4262979224,-65352.12777,89769.371,1.162,-3.175,-1800.024,0.375
-3111.493,8.75199999999995,-28064.4262979224,87721.54923,191518.371,1.162,0.824999999999999,644.976,0.375
-3111.493,10.752,-28064.4262979224,77395.34923,147237.371,1.162,0.824999999999999,644.976,0.375
-3489.493,4.75199999999995,-28064.4262979224,-22436.69077,336579.371,-0.838,1.825,644.976,-0.625
-1920.493,-1.24800000000005,-28064.4262979224,13016.26923,62668.371,-0.838,-1.175,384.976,0.375
-3151.493,2.75199999999995,-28064.4262979224,44477.04923,8230.37099999998,-1.838,1.825,-135.024,-0.625
-2929.493,14.752,-28064.4262979224,53655.24923,-296110.629,-0.838,1.825,139.976,0.375
-223.493,-8.24800000000005,-28064.4262979224,-20026.64077,-32444.629,0.162,1.825,-105.024,0.375
-4039.493,-4.24800000000005,-28064.4262979224,-29288.02077,-384383.629,-0.838,3.825,124.976,0.375
3005.507,2.75199999999995,-28064.4262979224,-34044.11077,-375125.629,1.162,-2.175,124.976,-0.625
-3066.493,-3.24800000000005,-28064.4262979224,-53973.65077,160104.371,0.162,-2.175,-779.024,-0.625
-426.493,-7.24800000000005,-28064.4262979224,49411.64923,184414.371,1.162,-1.175,214.976,0.375
4549.507,6.75199999999995,-28064.4262979224,-56100.70077,-293523.629,0.162,-2.175,-75.0239999999999,0.375
-3188.493,8.75199999999995,-28064.4262979224,-42112.60077,187904.371,-1.838,0.824999999999999,-395.024,-0.625
-3130.493,14.752,-28064.4262979224,-27079.90077,412181.371,2.162,-1.175,-1955.024,0.375
-3199.493,16.752,-4197.3685439224,266584.24923,325575.371,-0.838,1.825,384.976,0.375
6280.507,-7.24800000000005,-4197.3685439224,-16154.06077,-408329.629,0.162,-0.175000000000001,92.9760000000001,0.375
5315.507,0.751999999999953,-4197.3685439224,-11693.43077,-417300.629,1.162,-2.175,644.976,0.375
1468.507,-5.24800000000005,-4197.3685439224,-26388.89077,4718.37099999998,0.162,-0.175000000000001,254.976,0.375
750.507,-11.248,-4197.3685439224,-54690.39077,24102.371,-1.838,-2.175,-337.024,-0.625
-3083.493,-11.248,-4197.3685439224,-62642.70077,-370580.629,-0.838,-2.175,-915.024,-0.625
-4062.493,12.752,-4197.3685439224,-22571.15077,338024.371,1.162,-0.175000000000001,124.976,0.375
-3292.493,-1.24800000000005,-4197.3685439224,-53717.00077,155500.371,-0.838,-0.175000000000001,-275.024,-0.625
5804.507,-1.24800000000005,-4197.3685439224,18577.36923,-392717.629,1.162,-1.175,904.976,0.375
2472.507,-12.248,-4197.3685439224,-27956.39077,-408010.629,2.162,1.825,20.9760000000001,0.375
-3900.493,-8.24800000000005,-4197.3685439224,-30583.64077,39458.371,-0.838,1.825,-395.024,0.375
3348.507,-8.24800000000005,-4197.3685439224,-26008.94077,-324888.629,1.162,-1.175,-135.024,0.375
5328.507,-8.24800000000005,-4197.3685439224,-41140.64077,-454809.629,0.162,0.824999999999999,1375.976,0.375
-185.493,4.75199999999995,-24851.7550839224,40609.64923,61864.371,1.162,2.825,-135.024,0.375
-866.493,-8.24800000000005,-24851.7550839224,-39381.14077,253610.371,-1.838,1.825,324.976,-0.625
-3786.493,-8.24800000000005,-24851.7550839224,-51345.75077,-418696.629,1.162,-4.175,-839.024,0.375
7779.507,8.75199999999995,-24851.7550839224,11984.97923,215102.371,-1.838,-0.175000000000001,-135.024,-0.625
-2214.493,-4.24800000000005,-24851.7550839224,-41363.52077,355430.371,-1.838,-2.175,-395.024,-0.625
-3568.493,4.75199999999995,-24851.7550839224,-51535.00077,2154.37099999998,2.162,-2.175,384.976,0.375
-3137.493,-7.24800000000005,-24851.7550839224,-36182.78077,194798.371,0.162,1.825,106.976,0.375
-3930.493,4.75199999999995,-29701.4719479224,-10312.40077,30872.371,-1.838,3.825,124.976,-0.625
-3400.493,6.75199999999995,-29701.4719479224,-66490.32877,-326112.629,3.162,1.825,1484.976,0.375
4488.507,-7.24800000000005,-29701.4719479224,-49368.35077,-257766.629,1.162,-2.175,104.976,-0.625
-3111.493,-8.24800000000005,-29701.4719479224,-21786.14077,43389.371,-1.838,0.824999999999999,-413.024,-0.625
-1107.493,10.752,-29701.4719479224,1412.10923,146687.371,1.162,1.825,-291.024,0.375
-321.493,-8.24800000000005,-29701.4719479224,-49938.14077,-43438.629,2.162,-2.175,63.9760000000001,-0.625
-1133.493,-1.24800000000005,-29701.4719479224,-56497.56077,64094.371,0.162,-1.175,-1695.024,0.375
4836.507,-1.24800000000005,-29701.4719479224,-45375.34077,-417193.629,0.162,-2.175,704.976,0.375
860.507,0.751999999999953,-29701.4719479224,-39787.73077,260153.371,1.162,-2.175,124.976,0.375
2859.507,6.75199999999995,-29701.4719479224,-51483.09077,-174473.629,-0.838,-2.175,644.976,-0.625
-3066.493,-4.24800000000005,-29701.4719479224,-51929.59077,145759.371,0.162,-2.175,-1011.024,-0.625
-985.493,-1.24800000000005,-29701.4719479224,29699.54923,230288.371,1.162,1.825,-135.024,0.375
7891.507,16.752,-29701.4719479224,266584.24923,646262.371,1.162,1.825,-395.024,0.375
1679.507,-11.248,-29701.4719479224,-46738.09077,-434019.629,-1.838,-2.175,-395.024,-0.625
-3385.493,-7.24800000000005,-29701.4719479224,-42859.02077,10675.371,-1.838,3.825,-1315.024,-0.625
1151.507,-7.24800000000005,-29701.4719479224,-36182.78077,61166.371,0.162,-2.175,35.9760000000001,0.375
6477.507,2.75199999999995,-29701.4719479224,-68948.02377,-401748.629,-1.838,1.825,-1235.024,-0.625
5775.507,4.75199999999995,-29701.4719479224,10298.89923,-420325.629,-1.838,4.825,-135.024,-0.625
172.507,14.752,-29701.4719479224,75470.84923,165255.371,2.162,3.825,644.976,0.375
2678.507,-11.248,-29701.4719479224,-48726.17077,-402881.629,-1.838,1.825,-1315.024,-0.625
-857.493,-5.24800000000005,-29701.4719479224,-38823.02077,73171.371,-0.838,-2.175,384.976,0.375
-2216.493,-10.248,-29701.4719479224,-44820.52077,218606.371,-0.838,-3.175,-172.024,-0.625
-793.493,-3.24800000000005,-29701.4719479224,25473.84923,56162.371,0.162,4.825,-216.024,0.375
-2978.493,4.75199999999995,-29701.4719479224,-23649.12077,228052.371,2.162,1.825,228.976,0.375
-3292.493,-5.24800000000005,-29701.4719479224,-27943.16077,122613.371,2.162,-0.175000000000001,400.976,0.375
5711.507,-8.24800000000005,-29701.4719479224,-37797.59077,-418850.629,1.162,-2.175,-173.024,-0.625
-3299.493,-7.24800000000005,-29701.4719479224,-12815.94077,444246.371,-1.838,-2.175,796.976,-0.625
-3501.493,-5.24800000000005,-29701.4719479224,-35714.49077,219606.371,0.162,-2.175,644.976,0.375
967.507,8.75199999999995,-28749.9980269224,11984.97923,137636.371,0.162,3.825,124.976,0.375
-309.493,-5.24800000000005,-28749.9980269224,-35714.49077,-18907.629,1.162,-2.175,35.9760000000001,0.375
-3802.493,10.752,-5586.1482239224,237287.44923,295599.371,3.162,1.825,-135.024,0.375
-875.493,-6.24800000000005,-5586.1482239224,-7306.74076999999,249886.371,-1.838,-2.175,834.976,-0.625
-3258.493,-10.248,-5586.1482239224,-59215.98077,241639.371,-1.838,5.825,-1155.024,-0.625
-3848.493,0.751999999999953,-5586.1482239224,-14369.08077,-258342.629,7.162,-5.175,-395.024,-0.625
-2598.493,-9.24800000000005,-5586.1482239224,30754.34923,159497.371,2.162,-2.175,170.976,-0.625
-691.493,16.752,-5586.1482239224,8342.22923000001,214994.371,-0.838,-0.175000000000001,176.976,0.375
-2039.493,2.75199999999995,-5586.1482239224,-39109.99077,106927.371,0.162,-2.175,529.976,-0.625
-1983.493,-1.24800000000005,-5586.1482239224,-43985.07077,-6216.62900000002,1.162,-0.175000000000001,184.976,0.375
-97.4929999999999,4.75199999999995,-5586.1482239224,-40623.13077,-204066.629,0.162,-1.175,2436.976,-0.625
-87.4929999999999,-1.24800000000005,-5586.1482239224,25528.74923,367106.371,-0.838,1.825,1164.976,0.375
-3505.493,-5.24800000000005,-5586.1482239224,-40221.86077,43947.371,-1.838,-2.175,-649.024,-0.625
-1786.493,14.752,-29964.0762087224,20411.33923,399787.371,0.162,5.825,-291.024,0.375
-1671.493,-7.24800000000005,-29964.0762087224,-51538.13077,-33533.629,-1.838,-2.175,-530.024,-0.625
-2842.493,10.752,-29964.0762087224,-614.110769999999,154510.371,-0.838,-2.175,-395.024,0.375
-1884.493,-5.24800000000005,-29964.0762087224,-31051.69077,66617.371,0.162,-1.175,224.976,-0.625
736.507,16.752,-29808.3894689224,-3173.52076999999,125807.371,0.162,-2.175,-135.024,0.375
-2928.493,-10.248,-29808.3894689224,-7392.30076999999,204453.371,1.162,1.825,-195.024,-0.625
5672.507,-11.248,-29808.3894689224,-24869.26077,-440655.629,-0.838,1.825,76.9760000000001,0.375
-2928.493,-3.24800000000005,-29808.3894689224,74985.84923,237502.371,-0.838,1.825,104.976,0.375
7848.507,10.752,55200.4588160776,237287.44923,93766.371,1.162,1.825,-291.024,0.375
-2435.493,-5.24800000000005,55200.4588160776,-31051.69077,-57718.629,-0.838,-2.175,395.976,-0.625
701.507,4.75199999999995,55200.4588160776,-62446.86077,89827.371,1.162,-7.175,124.976,0.375
531.507,-4.24800000000005,55200.4588160776,9957.35923,31656.371,-0.838,-2.175,33.9760000000001,0.375
-2928.493,-11.248,55200.4588160776,-34809.63077,179167.371,2.162,1.825,-355.024,-0.625
-4032.493,8.75199999999995,-24422.1917519224,-2080.39077,467983.371,0.162,-2.175,654.976,0.375
-197.493,-4.24800000000005,-24422.1917519224,19013.97923,28068.371,1.162,1.825,384.976,0.375
-2436.493,-4.24800000000005,-24422.1917519224,-44450.32077,-53063.629,-1.838,-2.175,-395.024,-0.625
-3502.493,-4.24800000000005,-24422.1917519224,-47401.27077,160092.371,-0.838,-2.175,824.976,-0.625
-3714.493,-8.24800000000005,-24422.1917519224,-28824.14077,115133.371,-1.838,1.825,6.97600000000011,-0.625
914.507,8.75199999999995,-24422.1917519224,228176.24923,395635.371,0.162,-2.175,1704.976,0.375
-4062.493,10.752,-24422.1917519224,-23915.64077,301596.371,1.162,-0.175000000000001,124.976,0.375
1629.507,16.752,-6961.1477739224,91255.64923,143244.371,-0.838,2.825,124.976,0.375
8117.507,16.752,-6961.1477739224,-13370.02077,-248908.629,-1.838,-2.175,-185.024,-0.625
-2022.493,-1.24800000000005,-6961.1477739224,-39814.24077,668.370999999985,0.162,1.825,-135.024,0.375
-538.493,-4.24800000000005,-6961.1477739224,77803.54923,598580.371,1.162,-0.175000000000001,92.9760000000001,0.375
-2465.493,-3.24800000000005,-6961.1477739224,-30433.66077,23793.371,1.162,-2.175,4.97600000000011,0.375
-566.493,2.75199999999995,-6961.1477739224,21680.56923,168595.371,1.162,-2.175,384.976,0.375
-3501.493,-8.24800000000005,-6961.1477739224,-21786.14077,199531.371,-0.838,-2.175,850.976,0.375
3815.507,-9.24800000000005,-6961.1477739224,-24788.42077,-390088.629,1.162,-2.175,-187.024,0.375
-2223.493,-10.248,-6961.1477739224,-45780.21077,-397121.629,0.162,-1.175,-395.024,0.375
-3876.493,6.75199999999995,-6961.1477739224,232422.74923,246558.371,2.162,3.825,124.976,0.375
3403.507,-9.24800000000005,-6961.1477739224,-34929.35077,-335184.629,-0.838,1.825,20.9760000000001,0.375
1652.507,0.751999999999953,-6961.1477739224,-34436.43077,-229997.629,0.162,-3.175,-499.024,0.375
-161.493,8.75199999999995,-6961.1477739224,-31293.09077,247621.371,1.162,1.825,-395.024,0.375
633.507,-4.24800000000005,-6961.1477739224,19013.97923,-44863.629,-1.838,1.825,1244.976,-0.625
-3244.493,16.752,56605.7746760776,266584.24923,490736.371,0.162,5.825,-165.024,0.375
-584.493,-8.24800000000005,56605.7746760776,-50817.90077,12841.371,2.162,-2.175,-1098.024,0.375
-4060.493,-8.24800000000005,56605.7746760776,6365.86923000001,297414.371,-1.838,1.825,644.976,-0.625
-929.493,6.75199999999995,-25141.8853199224,35097.14923,61075.371,3.162,3.825,384.976,0.375
-2430.493,-4.24800000000005,-25141.8853199224,-44382.40077,-374169.629,2.162,-2.175,-274.024,0.375
-691.493,14.752,-25141.8853199224,12812.74923,218496.371,-0.838,-0.175000000000001,-83.0239999999999,0.375
-3994.493,4.75199999999995,-23639.3258679224,7874.03923000001,267186.371,-1.838,1.825,-135.024,-0.625
-608.493,-3.24800000000005,-23639.3258679224,-39261.15077,-2080.62900000002,1.162,1.825,-395.024,-0.625
-2440.493,14.752,-9067.9271939224,67902.64923,106891.371,-1.838,1.825,20.9760000000001,-0.625
-1832.493,12.752,-9067.9271939224,75428.84923,44721.371,-1.838,1.825,-395.024,-0.625
-900.493,-6.24800000000005,-9067.9271939224,55923.34923,-123621.629,-1.838,3.825,-153.024,-0.625
225.507,2.75199999999995,-9067.9271939224,26746.44923,17774.371,2.162,-1.175,644.976,0.375
-3498.493,-8.24800000000005,-9067.9271939224,-42900.14077,243157.371,-0.838,2.825,-395.024,0.375
8177.507,-11.248,-9067.9271939224,-38288.77077,-361967.629,-0.838,1.825,-395.024,0.375
-1434.493,-10.248,-9067.9271939224,39416.04923,-20792.629,-1.838,1.825,124.976,-0.625
-2440.493,10.752,-6599.2583439224,80434.64923,61830.371,-1.838,1.825,644.976,-0.625
423.507,-9.24800000000005,-6599.2583439224,-22944.62077,82302.371,-1.838,-2.175,-611.024,-0.625
-3945.493,-10.248,-6599.2583439224,-23914.45077,218675.371,1.162,-0.175000000000001,465.976,0.375
5812.507,12.752,-6599.2583439224,-47571.15077,-436397.629,1.162,-2.175,-595.024,0.375
1019.507,-6.24800000000005,-6599.2583439224,-44942.78077,108637.371,-0.838,1.825,-288.024,0.375
-2441.493,-4.24800000000005,-6599.2583439224,-24759.71077,7438.37099999998,-0.838,0.824999999999999,588.976,0.375
-2441.493,-5.24800000000005,-6599.2583439224,-32916.81077,8687.37099999998,-0.838,0.824999999999999,644.976,0.375
2038.507,2.75199999999995,-6599.2583439224,-4915.30076999999,-302495.629,-1.838,1.825,124.976,-0.625
-3272.493,12.752,-6599.2583439224,-11171.15077,214032.371,2.162,-2.175,-135.024,0.375
4887.507,4.75199999999995,-6599.2583439224,-47897.71077,-407728.629,1.162,-3.175,884.976,0.375
-3543.493,10.752,-4573.0381139224,23700.52923,108172.371,-1.838,-2.175,1164.976,-0.625
2281.507,-6.24800000000005,-4573.0381139224,-56794.13077,-413051.629,-0.838,-1.175,-15.0239999999999,-0.625
1597.507,-4.24800000000005,-4573.0381139224,-5137.02076999999,43596.371,-0.838,-2.175,-395.024,-0.625
436.507,-3.24800000000005,-4573.0381139224,-11021.99077,212621.371,-1.838,1.825,-275.024,-0.625
-3272.493,8.75199999999995,-4573.0381139224,-17227.72077,214497.371,2.162,-2.175,-51.0239999999999,0.375
-1856.493,-1.24800000000005,-4573.0381139224,-48155.90077,4520.37099999998,0.162,-2.175,-375.024,0.375
3648.507,0.751999999999953,-4573.0381139224,19076.51923,-156163.629,2.162,2.825,540.976,0.375
-793.493,-11.248,-4573.0381139224,-25863.29077,-397248.629,-1.838,4.825,-323.024,-0.625
-4032.493,16.752,-4573.0381139224,-14689.27077,707464.371,0.162,-2.175,124.976,0.375
4131.507,-11.248,-4573.0381139224,11152.68923,-396985.629,3.162,-0.175000000000001,-225.024,0.375
2281.507,-11.248,-4573.0381139224,-60654.62077,-416126.629,-0.838,-1.175,-395.024,-0.625
747.507,-11.248,-4573.0381139224,-45147.63077,-5828.62900000002,-1.838,-2.175,-395.024,-0.625
-3299.493,-5.24800000000005,-4573.0381139224,-18617.56077,434883.371,-1.838,-2.175,1060.976,-0.625
-3299.493,-6.24800000000005,-4573.0381139224,-18517.48077,435997.371,-1.838,-2.175,958.976,-0.625
-777.493,4.75199999999995,-24851.7550839224,44246.94923,64140.371,-1.838,3.825,-395.024,-0.625
799.507,-10.248,-24851.7550839224,-40022.02077,-84267.629,-0.838,1.825,-395.024,0.375
-2770.493,-6.24800000000005,-24851.7550839224,-66563.48377,111990.371,0.162,-2.175,-319.024,-0.625
-491.493,-9.24800000000005,-24851.7550839224,-49495.41077,130788.371,-0.838,-2.175,-417.024,0.375
-690.493,16.752,-24851.7550839224,-870.370769999994,269103.371,-0.838,-2.175,124.976,0.375
-115.493,-8.24800000000005,-24851.7550839224,-24425.39077,-346241.629,-1.838,-1.175,384.976,-0.625
1347.507,10.752,-12677.9190539224,24713.63923,88125.371,2.162,2.825,124.976,0.375
-3244.493,8.75199999999995,12364.1615860776,228176.24923,480499.371,1.162,5.825,-221.024,0.375
-3851.493,4.75199999999995,-27034.1276729224,38184.74923,511585.371,-0.838,5.825,-655.024,0.375
-3275.493,2.75199999999995,-27034.1276729224,3949.98923000001,146427.371,1.162,1.825,-395.024,0.375
952.507,-10.248,-27034.1276729224,-22747.46077,183221.371,-1.838,-2.175,754.976,-0.625
-3009.493,10.752,-27034.1276729224,77395.34923,370160.371,-0.838,-2.175,540.976,-0.625
5301.507,16.752,-27034.1276729224,17554.82923,-355797.629,-0.838,1.825,644.976,0.375
630.507,16.752,-27034.1276729224,23082.37923,159476.371,1.162,-0.175000000000001,219.976,0.375
-4008.493,-1.24800000000005,-27034.1276729224,19967.64923,99773.371,1.162,1.825,540.976,0.375
1088.507,8.75199999999995,-27034.1276729224,-4244.30076999999,333556.371,0.162,-2.175,-655.024,0.375
-2714.493,8.75199999999995,-27034.1276729224,-33456.99077,339813.371,0.162,-2.175,-395.024,0.375
-3110.493,-3.24800000000005,-27034.1276729224,-6893.66076999999,-60385.629,-0.838,1.825,-395.024,0.375
-2214.493,-3.24800000000005,-27034.1276729224,-39261.15077,378304.371,-1.838,-2.175,-395.024,-0.625
-3376.493,-1.24800000000005,-27034.1276729224,-30082.30077,91463.371,1.162,-2.175,644.976,0.375
-3199.493,6.75199999999995,-2053.8219439224,81273.24923,234599.371,0.162,1.825,124.976,0.375
4307.507,4.75199999999995,-2053.8219439224,-16374.55077,-338730.629,2.162,1.825,384.976,0.375
-2744.493,0.751999999999953,-2053.8219439224,-58517.26077,25636.371,1.162,-2.175,-343.024,0.375
7997.507,16.752,-2053.8219439224,-57988.47077,217705.371,1.162,5.825,214.976,0.375
-171.493,2.75199999999995,-2053.8219439224,-36577.05077,139503.371,-1.838,-2.175,-83.0239999999999,-0.625
-3490.493,-8.24800000000005,-2053.8219439224,-4191.13076999999,428179.371,-1.838,-2.175,265.976,-0.625
-1558.493,4.75199999999995,-2053.8219439224,-60022.00077,203171.371,0.162,-2.175,-600.024,0.375
1683.507,4.75199999999995,-2053.8219439224,-33348.56077,-434914.629,-1.838,-2.175,-395.024,-0.625
-2556.493,14.752,-2053.8219439224,252007.14923,246274.371,0.162,-2.175,540.976,0.375
-4039.493,-13.248,-2053.8219439224,-53588.79077,-390843.629,-0.838,1.825,-307.024,-0.625
2383.507,-1.24800000000005,-2053.8219439224,-60737.90077,-364822.629,2.162,2.825,-811.024,0.375
5346.507,8.75199999999995,-2053.8219439224,228176.24923,-374960.629,1.162,2.825,24.9760000000001,0.375
-1229.493,8.75199999999995,-16848.5307739224,27132.24923,691818.371,-1.838,-0.175000000000001,124.976,-0.625
-1711.493,16.752,-26307.6024359224,-28968.79077,-355105.629,-1.838,2.825,-135.024,-0.625
278.507,-11.248,-26307.6024359224,-60654.62077,146508.371,-0.838,1.825,-679.024,0.375
4836.507,-4.24800000000005,-26307.6024359224,-38344.65077,-422189.629,0.162,-2.175,340.976,0.375
524.507,0.751999999999953,-26307.6024359224,39143.84923,434303.371,1.162,-2.175,644.976,0.375
246.507,-8.24800000000005,-26307.6024359224,-18267.14077,-416442.629,1.162,-0.175000000000001,-65.0239999999999,-0.625
-3707.493,2.75199999999995,-26307.6024359224,33078.84923,207840.371,1.162,1.825,384.976,0.375
-3614.493,0.751999999999953,-26307.6024359224,-15706.90077,66865.371,0.162,1.825,124.976,0.375
-4050.493,-10.248,-26307.6024359224,-39062.33077,123940.371,-1.838,1.825,-210.024,-0.625
1154.507,10.752,-5586.1482239224,36870.94923,192052.371,2.162,1.825,280.976,0.375
-2558.493,-6.24800000000005,-5586.1482239224,-31329.75077,244358.371,-1.838,-2.175,-395.024,-0.625
5638.507,-11.248,-5586.1482239224,-38785.79077,-415503.629,-1.838,-1.175,-281.024,-0.625
-2465.493,-4.24800000000005,-5586.1482239224,-29288.02077,16285.371,0.162,-2.175,-255.024,0.375
-1836.493,2.75199999999995,-5586.1482239224,-2382.36077,50695.371,1.162,0.824999999999999,-381.024,0.375
3545.507,2.75199999999995,-5586.1482239224,-2382.36077,-347726.629,1.162,-2.175,-395.024,0.375
-1880.493,0.751999999999953,-5586.1482239224,-37112.08077,300695.371,0.162,-2.175,122.976,0.375
39.5070000000001,4.75199999999995,-5586.1482239224,4236.74923,72646.371,0.162,-3.175,124.976,0.375
4598.507,-3.24800000000005,-5586.1482239224,-18663.66077,-417993.629,-1.838,1.825,-135.024,-0.625
1056.507,4.75199999999995,-30307.6865559224,-50322.57077,18724.371,-1.838,-3.175,-135.024,-0.625
820.507,-7.24800000000005,-30307.6865559224,-11146.88077,7730.37099999998,1.162,1.825,264.976,0.375
3815.507,-7.24800000000005,-30307.6865559224,-24332.45077,-387307.629,1.162,-2.175,-64.0239999999999,0.375
-2464.493,-6.24800000000005,-30307.6865559224,-51669.22077,55135.371,-0.838,-2.175,-300.024,0.375
1191.507,-13.248,-30307.6865559224,-38901.13077,-369550.629,-0.838,-0.175000000000001,-395.024,0.375
-650.493,10.752,-30307.6865559224,31805.44923,72372.371,-0.838,-1.175,-1260.024,-0.625
-3751.493,4.75199999999995,-30307.6865559224,22423.18923,316885.371,1.162,-2.175,604.976,0.375
2038.507,-13.248,-30307.6865559224,-45195.84077,-336531.629,-1.838,1.825,-460.024,-0.625
-3551.493,10.752,-13691.0291639224,6477.65923,-282185.629,3.162,1.825,644.976,0.375
2446.507,2.75199999999995,-13691.0291639224,14081.74923,-409235.629,-1.838,3.825,-675.024,-0.625
-3404.493,0.751999999999953,-13691.0291639224,-21058.19077,60844.371,2.162,-0.175000000000001,124.976,0.375
-1998.493,-7.24800000000005,-13691.0291639224,-56955.89077,144912.371,1.162,-2.175,-435.024,0.375
-57.4929999999999,6.75199999999995,-29759.4979949224,-16850.99077,170088.371,1.162,-2.175,124.976,0.375
4790.507,-4.24800000000005,-29759.4979949224,-36835.21077,-399049.629,-0.838,1.825,-355.024,0.375
7888.507,8.75199999999995,-29759.4979949224,-52932.12077,-335258.629,2.162,2.825,-395.024,0.375
516.507,-12.248,-29759.4979949224,-33225.88077,5974.37099999998,2.162,-5.175,-395.024,0.375
872.507,-11.248,-29759.4979949224,-54690.39077,268782.371,-1.838,1.825,1537.976,-0.625
-2468.493,0.751999999999953,-29759.4979949224,-39787.73077,175913.371,1.162,2.825,494.976,0.375
-3404.493,4.75199999999995,-25457.9696919224,-7887.54076999999,88082.371,2.162,-0.175000000000001,-31.0239999999999,0.375
14.5070000000001,-11.248,-25457.9696919224,-52702.32077,97067.371,1.162,1.825,-395.024,-0.625
-843.493,-7.24800000000005,-25457.9696919224,-32010.13077,-23138.629,-1.838,1.825,-76.0239999999999,-0.625
-2897.493,-1.24800000000005,-25457.9696919224,118364.44923,361637.371,1.162,1.825,-291.024,0.375
-2039.493,-3.24800000000005,-25457.9696919224,-42203.65077,51776.371,1.162,-2.175,-206.024,0.375
8324.507,-13.248,-25457.9696919224,-46244.96077,-253472.629,-0.838,-0.175000000000001,159.976,0.375
-1240.493,-9.24800000000005,-25457.9696919224,-41382.67077,158486.371,-1.838,-2.175,-426.024,-0.625
-3861.493,-4.24800000000005,-25457.9696919224,-27778.58077,-42986.629,-1.838,1.825,-495.024,-0.625
-2963.493,-13.248,-25457.9696919224,-43097.60077,265980.371,-1.838,-3.175,-741.024,-0.625
3027.507,4.75199999999995,-27276.6135159224,39397.14923,-304557.629,1.162,3.825,-395.024,0.375
2678.507,-9.24800000000005,-27276.6135159224,-32163.64077,-393973.629,-1.838,1.825,69.9760000000001,-0.625
-2052.493,4.75199999999995,-27276.6135159224,-32163.64077,335064.371,1.162,1.825,1684.976,0.375
-1634.493,-7.24800000000005,-27276.6135159224,-21161.24077,-22085.629,-0.838,-0.175000000000001,329.976,0.375
-2465.493,-13.248,-27276.6135159224,-49392.31077,5040.37099999998,-0.838,-2.175,-575.024,0.375
-3275.493,-10.248,-27276.6135159224,-20828.07077,86612.371,-0.838,1.825,-395.024,0.375
-3099.493,-7.24800000000005,-27276.6135159224,-46197.14077,-32213.629,-0.838,-2.175,-395.024,-0.625
-22.4929999999999,0.751999999999953,-27276.6135159224,-47814.67077,71731.371,3.162,-3.175,-395.024,0.375
-1634.493,-11.248,-27276.6135159224,-39779.83077,-16328.629,-0.838,-0.175000000000001,89.9760000000001,0.375
-2024.493,10.752,-27276.6135159224,-28981.19077,458621.371,-1.838,-1.175,384.976,-0.625
-3727.493,-11.248,-27276.6135159224,-39382.21077,-15295.629,0.162,1.825,-455.024,-0.625
-1347.493,-3.24800000000005,-27276.6135159224,15175.07923,34320.371,0.162,2.825,1974.976,0.375
-2928.493,-12.248,-27276.6135159224,-44170.22077,167378.371,3.162,1.825,-149.024,-0.625
209.507,2.75199999999995,-27276.6135159224,-7448.24076999999,169647.371,-1.838,-2.175,644.976,-0.625
-3131.493,6.75199999999995,-27276.6135159224,-7448.24076999999,113050.371,0.162,-2.175,-395.024,0.375
8084.507,-5.24800000000005,-27276.6135159224,-20171.83077,-438974.629,-1.838,1.825,-395.024,-0.625
497.507,-7.24800000000005,-27276.6135159224,-9477.82076999999,-363431.629,1.162,-2.175,200.976,0.375
268.507,-3.24800000000005,-27276.6135159224,-31904.91077,-379699.629,-1.838,-3.175,-187.024,-0.625
-1009.493,-11.248,-27276.6135159224,11152.68923,212472.371,-1.838,1.825,-395.024,-0.625
-2561.493,-5.24800000000005,-27276.6135159224,-54365.69077,170661.371,-0.838,1.825,-395.024,-0.625
1025.507,-4.24800000000005,-27276.6135159224,-14193.65077,101964.371,-1.838,-2.175,384.976,-0.625
4836.507,-5.24800000000005,-27276.6135159224,-46594.36077,-426157.629,0.162,-2.175,436.976,0.375
217.507,14.752,-27276.6135159224,252007.14923,155.370999999985,1.162,5.825,124.976,0.375
-2182.493,-4.24800000000005,-27276.6135159224,-49665.43077,-10041.629,-1.838,-1.175,179.976,-0.625
-1049.493,-8.24800000000005,-27276.6135159224,-16507.64077,143318.371,-1.838,1.825,-180.024,-0.625
-3825.493,-7.24800000000005,-27276.6135159224,-24499.36077,104110.371,-0.838,2.825,24.9760000000001,0.375
231.507,4.75199999999995,-27276.6135159224,-23649.12077,18929.371,0.162,-2.175,-225.024,0.375
5757.507,-10.248,-27276.6135159224,-32344.44077,-448569.629,-0.838,-2.175,68.9760000000001,0.375
-866.493,-6.24800000000005,-27276.6135159224,-32931.28077,263587.371,-1.838,1.825,-155.024,-0.625
-1256.493,-5.24800000000005,-27276.6135159224,-38823.02077,40544.371,1.162,-1.175,264.976,0.375
678.507,10.752,-27276.6135159224,-38823.02077,227065.371,0.162,-2.175,124.976,0.375
436.507,-4.24800000000005,-27276.6135159224,-14193.65077,209461.371,-1.838,1.825,-156.024,-0.625
1588.507,-7.24800000000005,-27276.6135159224,-19492.18077,101937.371,-1.838,-2.175,-77.0239999999999,-0.625
-2061.493,4.75199999999995,-18789.6090039224,58796.04923,399329.371,1.162,4.825,-135.024,0.375
5804.507,-4.24800000000005,-18789.6090039224,-12684.21077,-401181.629,1.162,-1.175,964.976,0.375
-4062.493,6.75199999999995,-18789.6090039224,-11078.97077,313066.371,1.162,-0.175000000000001,124.976,0.375
-241.493,16.752,-18789.6090039224,-33114.46077,128606.371,0.162,-2.175,124.976,0.375
4791.507,-9.24800000000005,-18789.6090039224,-35113.73077,-434437.629,1.162,-1.175,488.976,0.375
7848.507,12.752,39086.0988360776,237752.84923,120984.371,1.162,1.825,-291.024,0.375
-139.493,-9.24800000000005,39086.0988360776,-37951.35077,-345450.629,-1.838,-2.175,-395.024,-0.625
-3048.493,8.75199999999995,39086.0988360776,11984.97923,298662.371,1.162,1.825,124.976,0.375
820.507,-3.24800000000005,39086.0988360776,-17192.41077,-5221.62900000002,1.162,1.825,274.976,0.375
-3188.493,12.752,39086.0988360776,-38571.15077,189524.371,0.162,0.824999999999999,280.976,-0.625
-4062.493,-9.24800000000005,39086.0988360776,-41382.67077,171538.371,-0.838,-1.175,124.976,0.375
-3188.493,-3.24800000000005,39086.0988360776,-11307.41077,97494.371,-1.838,0.824999999999999,34.9760000000001,-0.625
917.507,-5.24800000000005,39086.0988360776,-7737.70077,-18357.629,-0.838,1.825,787.976,0.375
539.507,6.75199999999995,39086.0988360776,-7737.70077,334561.371,1.162,1.825,1164.976,-0.625
-4054.493,-13.248,39086.0988360776,-36802.90077,468612.371,-0.838,-1.175,-135.024,-0.625
175.507,8.75199999999995,39086.0988360776,22804.48923,58420.371,1.162,-1.175,124.976,0.375
5301.507,-12.248,39086.0988360776,-48223.68077,-388514.629,1.162,1.825,1094.976,-0.625
-2203.493,-13.248,39086.0988360776,-56736.14077,127212.371,1.162,-1.175,34.9760000000001,0.375
-1441.493,-1.24800000000005,39086.0988360776,19967.64923,1407.37099999998,-0.838,2.825,124.976,0.375
-2946.493,-3.24800000000005,39086.0988360776,-15721.16077,-395394.629,0.162,-1.175,332.976,0.375
-3376.493,-6.24800000000005,39086.0988360776,-33732.05077,63423.371,-1.838,-2.175,339.976,-0.625
-3376.493,-5.24800000000005,39086.0988360776,-29652.85077,52798.371,-1.838,-2.175,168.976,-0.625
2789.507,-6.24800000000005,39086.0988360776,-60157.35077,-328442.629,-1.838,-2.175,-1239.024,-0.625
175.507,14.752,39086.0988360776,-55574.65077,84874.371,-1.838,-0.175000000000001,-1227.024,-0.625
3188.507,0.751999999999953,39086.0988360776,-7679.95077,-322443.629,3.162,0.824999999999999,124.976,-0.625
5775.507,10.752,39086.0988360776,47002.04923,-427091.629,-1.838,4.825,-343.024,-0.625
-690.493,14.752,39086.0988360776,-484.810769999996,199537.371,0.162,-2.175,124.976,0.375
-1238.493,-6.24800000000005,39086.0988360776,-34532.81077,277174.371,1.162,-2.175,-395.024,0.375
-3342.493,0.751999999999953,39086.0988360776,123386.64923,271162.371,2.162,-2.175,852.976,0.375
8031.507,-3.24800000000005,39086.0988360776,-12778.66077,-365451.629,2.162,-4.175,159.976,0.375
-1201.493,-8.24800000000005,39086.0988360776,-20026.64077,74605.371,0.162,0.824999999999999,284.976,-0.625
-1920.493,0.751999999999953,39086.0988360776,-990.840769999995,72921.371,-0.838,-1.175,124.976,0.375
872.507,-5.24800000000005,39086.0988360776,-20171.83077,273250.371,1.162,1.825,904.976,0.375
-1620.493,-3.24800000000005,39086.0988360776,-34994.53077,85458.371,-0.838,-2.175,665.976,0.375
398.507,-6.24800000000005,39086.0988360776,-52149.68077,-75205.629,-0.838,-1.175,-555.024,0.375
335.507,6.75199999999995,-22255.8773979224,232422.74923,271078.371,-1.838,1.825,20.9760000000001,-0.625
-3506.493,14.752,-19516.0017039224,10913.08923,534359.371,-1.838,-1.175,20.9760000000001,-0.625
-1748.493,-3.24800000000005,-19516.0017039224,-37789.90077,-45271.629,-1.838,1.825,94.9760000000001,-0.625
436.507,-8.24800000000005,-19516.0017039224,-12988.64077,-354093.629,-1.838,1.825,-19.0239999999999,-0.625
-937.493,-6.24800000000005,-19516.0017039224,-52149.68077,238110.371,0.162,-2.175,-635.024,-0.625
2155.507,-4.24800000000005,-19516.0017039224,-44382.40077,-361859.629,4.162,-1.175,-112.024,-0.625
917.507,-6.24800000000005,-19516.0017039224,-34532.81077,-19893.629,-0.838,1.825,-745.024,0.375
-2969.493,14.752,7079.09704607761,252007.14923,844683.371,2.162,0.824999999999999,124.976,0.375
8117.507,12.752,7079.09704607761,-42171.15077,-275500.629,-1.838,-2.175,-395.024,-0.625
-924.493,-13.248,7079.09704607761,-32606.42077,25845.371,-1.838,1.825,54.9760000000001,-0.625
428.507,-6.24800000000005,7079.09704607761,-58555.82077,-123174.629,1.162,-0.175000000000001,-655.024,-0.625
-395.493,4.75199999999995,-29095.2573399224,12723.75923,205940.371,0.162,1.825,124.976,0.375
-2121.493,-8.24800000000005,-29095.2573399224,-32343.14077,37598.371,-0.838,-0.175000000000001,502.976,-0.625
423.507,-5.24800000000005,-29095.2573399224,-27943.16077,66308.371,-1.838,-2.175,-395.024,-0.625
2921.507,2.75199999999995,-29095.2573399224,-59373.51077,-268051.629,0.162,-2.175,956.976,0.375
-1956.493,12.752,-29095.2573399224,-59373.51077,194941.371,-1.838,-2.175,-1019.024,-0.625
596.507,8.75199999999995,-29095.2573399224,228176.24923,124858.371,1.162,1.825,696.976,0.375
-2556.493,12.752,-29095.2573399224,237752.84923,207710.371,1.162,-2.175,384.976,0.375
326.507,-4.24800000000005,-29095.2573399224,-5137.02076999999,768991.371,1.162,-3.175,-335.024,-0.625
3964.507,-9.24800000000005,-29095.2573399224,-65352.12777,-386238.629,0.162,-2.175,-1395.024,-0.625
-1920.493,-3.24800000000005,-29095.2573399224,-46617.40077,37321.371,-0.838,-1.175,129.976,0.375
1493.507,8.75199999999995,-29095.2573399224,-35620.89077,191849.371,1.162,1.825,384.976,0.375
5966.507,14.752,-29095.2573399224,-17581.65077,-338570.629,-0.838,0.824999999999999,-1435.024,0.375
-976.493,2.75199999999995,-29095.2573399224,-36577.05077,209834.371,0.162,-2.175,644.976,-0.625
-3249.493,-3.24800000000005,-29095.2573399224,13703.82923,381398.371,1.162,-2.175,74.9760000000001,0.375
-3790.493,-3.24800000000005,-29095.2573399224,6347.58923000001,112350.371,-0.838,3.825,-83.0239999999999,0.375
784.507,4.75199999999995,-21214.4674359224,4236.74923,-19775.629,0.162,-0.175000000000001,-395.024,0.375
-166.493,2.75199999999995,-21214.4674359224,4236.74923,98964.371,1.162,-2.175,-1500.024,0.375
-902.493,4.75199999999995,393436.324436078,211562.14923,213720.371,1.162,1.825,-187.024,0.375
-3744.493,-12.248,393436.324436078,-38090.03077,177311.371,-0.838,1.825,-395.024,0.375
-1203.493,-6.24800000000005,393436.324436078,-2502.14077,179587.371,1.162,1.825,271.976,0.375
-2876.493,-8.24800000000005,393436.324436078,-21786.14077,-376091.629,-1.838,1.825,1144.976,-0.625
-2033.493,4.75199999999995,-18789.6090039224,211562.14923,58655.371,3.162,3.825,-291.024,0.375
867.507,0.751999999999953,-18789.6090039224,-34342.79077,143256.371,-0.838,1.825,124.976,0.375
7762.507,-3.24800000000005,-18789.6090039224,-48088.65077,268469.371,-1.838,-5.175,-187.024,-0.625
1019.507,-5.24800000000005,-18789.6090039224,-45071.17077,116413.371,-0.838,2.825,-355.024,0.375
6409.507,8.75199999999995,-18789.6090039224,228176.24923,-401959.629,-0.838,-2.175,124.976,-0.625
-3853.493,8.75199999999995,-18789.6090039224,228176.24923,488841.371,1.162,1.825,-135.024,0.375
853.507,-3.24800000000005,-18789.6090039224,-21017.66077,-17047.629,1.162,-2.175,180.976,0.375
852.507,-8.24800000000005,-18789.6090039224,-46067.24077,25276.371,-1.838,-1.175,-395.024,-0.625
-2853.493,-7.24800000000005,-18789.6090039224,-11146.88077,-311572.629,-0.838,-1.175,-486.024,0.375
-384.493,-7.24800000000005,-18789.6090039224,-39520.90077,-46457.629,-0.838,1.825,-425.024,0.375
3492.507,-12.248,-18789.6090039224,-34036.58077,-341318.629,-1.838,1.825,94.9760000000001,-0.625
1588.507,-6.24800000000005,-18789.6090039224,-21720.54077,66704.371,-1.838,-2.175,-59.0239999999999,-0.625
4871.507,2.75199999999995,-18789.6090039224,14081.74923,-384598.629,2.162,-1.175,124.976,0.375
-934.493,-11.248,-18789.6090039224,-21887.14077,50744.371,0.162,3.825,-395.024,-0.625
839.507,4.75199999999995,-18789.6090039224,-1825.40076999999,71084.371,0.162,-2.175,1164.976,-0.625
869.507,4.75199999999995,-18789.6090039224,-69115.21877,20355.371,0.162,-7.175,-1435.024,0.375
3676.507,6.75199999999995,-18789.6090039224,29325.14923,-427150.629,2.162,-0.175000000000001,1944.976,0.375
-2203.493,-12.248,-18789.6090039224,-39103.40077,122383.371,0.162,-1.175,444.976,-0.625
3636.507,4.75199999999995,-18789.6090039224,44246.94923,-372657.629,-0.838,1.825,-395.024,-0.625
-2056.493,-3.24800000000005,-18789.6090039224,-53973.65077,71522.371,0.162,-1.175,-395.024,0.375
-1851.493,12.752,-18789.6090039224,14428.84923,353269.371,1.162,1.825,124.976,0.375
3403.507,-5.24800000000005,-18789.6090039224,-35714.49077,-333413.629,0.162,1.825,-243.024,0.375
757.507,6.75199999999995,-28605.0948259224,50104.34923,10625.371,0.162,1.825,124.976,0.375
1195.507,-9.24800000000005,-28605.0948259224,-41382.67077,-37360.629,-1.838,-1.175,454.976,-0.625
-4002.493,14.752,-16666.5268339224,63153.44923,299119.371,-0.838,3.825,-595.024,0.375
3635.507,-5.24800000000005,-16666.5268339224,-34160.22077,-420444.629,-1.838,0.824999999999999,124.976,-0.625
-4054.493,2.75199999999995,-16666.5268339224,-13780.59077,629403.371,-0.838,-1.175,709.976,-0.625
1604.507,2.75199999999995,-16666.5268339224,-63172.92077,-334507.629,-1.838,2.825,-855.024,-0.625
6110.507,-3.24800000000005,-16666.5268339224,-43674.90077,-388464.629,0.162,-2.175,-113.024,-0.625
-1783.493,-5.24800000000005,-16666.5268339224,-37268.76077,79371.371,-0.838,1.825,239.976,0.375
-857.493,-4.24800000000005,-16666.5268339224,-26872.92077,71770.371,-0.838,-2.175,384.976,0.375
1639.507,-3.24800000000005,-16666.5268339224,-40732.40077,-25913.629,-0.838,-2.175,-395.024,0.375
802.507,4.75199999999995,-16666.5268339224,-20011.83077,64795.371,0.162,3.825,124.976,-0.625
799.507,-4.24800000000005,-16666.5268339224,-27778.58077,-77165.629,1.162,1.825,-375.024,0.375
-2039.493,-1.24800000000005,-16666.5268339224,-39814.24077,71056.371,0.162,-2.175,20.9760000000001,0.375
-3180.493,-3.24800000000005,-16666.5268339224,-4098.28077,129452.371,-1.838,-2.175,-155.024,-0.625
1752.507,-4.24800000000005,-16666.5268339224,-42872.96077,-287624.629,1.162,-2.175,124.976,0.375
-537.493,-7.24800000000005,-16666.5268339224,3874.64923000001,-391645.629,-0.838,1.825,605.976,0.375
-1199.493,8.75199999999995,293671.569436078,228176.24923,140976.371,-0.838,-0.175000000000001,644.976,0.375
-3361.493,-13.248,293671.569436078,-49392.31077,114290.371,-1.838,1.825,4.97600000000011,-0.625
5498.507,2.75199999999995,293671.569436078,-6181.77076999999,-408437.629,-0.838,-2.175,644.976,0.375
770.507,4.75199999999995,293671.569436078,-63958.76077,58643.371,-0.838,3.825,-1730.024,-0.625
770.507,-3.24800000000005,293671.569436078,-62801.15077,-26177.629,3.162,-2.175,-1235.024,-0.625
16.5070000000001,6.75199999999995,293671.569436078,232422.74923,462967.371,1.162,-1.175,-395.024,0.375
326.507,-10.248,293671.569436078,-40022.02077,-286923.629,0.162,-3.175,644.976,0.375
2022.507,10.752,-25848.3505769224,-32020.52077,-191347.629,1.162,-0.175000000000001,-135.024,-0.625
-3545.493,6.75199999999995,-25848.3505769224,232422.74923,381574.371,-0.838,-2.175,1944.976,0.375
1588.507,6.75199999999995,-19369.8694739224,17781.09923,205522.371,0.162,-2.175,124.976,0.375
-2703.493,8.75199999999995,-19369.8694739224,-32375.04077,150654.371,-0.838,1.825,124.976,0.375
-1746.493,-4.24800000000005,-19369.8694739224,900.729230000012,11388.371,0.162,1.825,-395.024,0.375
-3332.493,-11.248,-19369.8694739224,-48563.14077,161722.371,0.162,-2.175,-189.024,-0.625
758.507,16.752,-19369.8694739224,63617.84923,116710.371,2.162,1.825,509.976,0.375
758.507,14.752,159051.089836078,252007.14923,115791.371,2.162,1.825,-395.024,0.375
8023.507,-9.24800000000005,159051.089836078,252007.14923,58435.371,0.162,-0.175000000000001,374.976,0.375
1990.507,-6.24800000000005,159051.089836078,-42700.63077,-320975.629,1.162,-0.175000000000001,512.976,0.375
-986.493,4.75199999999995,159051.089836078,-48503.92077,62757.371,0.162,1.825,-1071.024,0.375
750.507,2.75199999999995,159051.089836078,-49241.75077,92805.371,-0.838,-2.175,-395.024,0.375
-2756.493,-3.24800000000005,159051.089836078,7818.82923,13500.371,1.162,0.824999999999999,644.976,0.375
-1238.493,-7.24800000000005,159051.089836078,-37851.84077,284053.371,1.162,-2.175,-395.024,0.375
3607.507,4.75199999999995,-26064.1842999224,-32136.13077,-329211.629,0.162,-1.175,-135.024,0.375
744.507,12.752,-5913.9011639224,237752.84923,61843.371,1.162,3.825,-135.024,0.375
-3825.493,-3.24800000000005,-5913.9011639224,-15721.16077,116938.371,0.162,2.825,1279.976,0.375
2038.507,-9.24800000000005,-5913.9011639224,30754.34923,-326579.629,-1.838,1.825,279.976,-0.625
-566.493,-9.24800000000005,-5913.9011639224,-21100.81077,77061.371,-1.838,-2.175,752.976,-0.625
172.507,12.752,-5913.9011639224,237752.84923,163738.371,2.162,3.825,1364.976,0.375
-813.493,-10.248,-5913.9011639224,-43860.82077,506488.371,1.162,-1.175,-246.024,0.375
-3792.493,-4.24800000000005,-5913.9011639224,-21740.83077,-28105.629,-1.838,-2.175,124.976,-0.625
-3569.493,-7.24800000000005,-5913.9011639224,-14485.00077,64711.371,0.162,-2.175,-367.024,0.375
-3264.493,4.75199999999995,-5913.9011639224,6661.60923,107459.371,2.162,1.825,124.976,0.375
4598.507,-8.24800000000005,-5913.9011639224,-39381.14077,-418311.629,-1.838,1.825,20.9760000000001,-0.625
-3200.493,16.752,-5913.9011639224,40586.34923,434145.371,0.162,-2.175,124.976,0.375
-210.493,-4.24800000000005,-5913.9011639224,-35325.77077,-21107.629,0.162,1.825,-395.024,-0.625
727.507,4.75199999999995,-5913.9011639224,-36985.85077,130991.371,-1.838,3.825,-395.024,-0.625
497.507,0.751999999999953,-5913.9011639224,-5004.31077,-34675.629,1.162,-2.175,20.9760000000001,0.375
-45.4929999999999,-8.24800000000005,-5913.9011639224,-31463.39077,44568.371,-0.838,-1.175,230.976,0.375
-3609.493,4.75199999999995,-29701.4719479224,-16374.55077,123312.371,0.162,3.825,-395.024,0.375
8067.507,4.75199999999995,-29701.4719479224,-40623.13077,94229.371,1.162,-2.175,644.976,0.375
-2770.493,-8.24800000000005,-29701.4719479224,-34102.64077,94215.371,0.162,-2.175,-20.0239999999999,-0.625
1183.507,-5.24800000000005,-29701.4719479224,-47857.97077,-37003.629,0.162,-4.175,-135.024,0.375
-2159.493,16.752,-27919.8069909224,11106.00923,140234.371,0.162,-0.175000000000001,402.976,0.375
-2440.493,16.752,-7882.4075239224,63617.84923,155961.371,-1.838,1.825,644.976,-0.625
5301.507,10.752,-7882.4075239224,237287.44923,-363154.629,-0.838,1.825,644.976,0.375
3367.507,-5.24800000000005,-7882.4075239224,-49019.01077,-290700.629,1.162,-2.175,20.9760000000001,0.375
-1914.493,6.75199999999995,-7882.4075239224,-43979.47077,388124.371,1.162,-2.175,-395.024,0.375
7796.507,4.75199999999995,-18789.6090039224,29697.74923,179437.371,1.162,1.825,124.976,0.375
1263.507,-7.24800000000005,-18789.6090039224,-41189.95077,162099.371,2.162,-2.175,124.976,0.375
1911.507,14.752,-19516.0017039224,34658.74923,-278868.629,-1.838,3.825,124.976,-0.625
-83.4929999999999,-11.248,-19516.0017039224,-58666.54077,-342879.629,1.162,-2.175,-815.024,0.375
-3506.493,-4.24800000000005,-19516.0017039224,-44382.40077,305986.371,-0.838,-1.175,-395.024,-0.625
-4001.493,-6.24800000000005,-19516.0017039224,-34532.81077,150642.371,-1.838,3.825,-621.024,-0.625
235.507,4.75199999999995,-19516.0017039224,-47897.71077,71084.371,-1.838,-0.175000000000001,124.976,-0.625
-3342.493,10.752,273019.134036078,237287.44923,307580.371,0.162,-1.175,1320.976,0.375
6126.507,4.75199999999995,273019.134036078,-30923.70077,-330742.629,5.162,-2.175,-811.024,0.375
4310.507,-6.24800000000005,273019.134036078,-34532.81077,-426153.629,-1.838,-0.175000000000001,-135.024,-0.625
-227.493,-8.24800000000005,273019.134036078,-53457.15077,-32444.629,0.162,-1.175,-897.024,0.375
1347.507,12.752,-4913.9011639224,47428.84923,95326.371,0.162,2.825,384.976,0.375
-987.493,10.752,678263.181036078,237287.44923,311389.371,1.162,1.825,644.976,0.375
-1013.493,16.752,-13409.9659939224,17554.82923,67795.371,1.162,1.825,644.976,0.375
-13.4929999999999,-8.24800000000005,-13409.9659939224,-4191.13076999999,21886.371,0.162,2.825,-85.0239999999999,0.375
-3545.493,4.75199999999995,-13409.9659939224,211562.14923,391955.371,-0.838,-2.175,1164.976,-0.625
284.507,6.75199999999995,-13409.9659939224,17781.09923,202196.371,-1.838,1.825,-135.024,-0.625
8093.507,-7.24800000000005,-13409.9659939224,-27837.48077,-429321.629,1.162,-1.175,72.9760000000001,0.375
650.507,-8.24800000000005,-13409.9659939224,-49938.14077,84067.371,2.162,-2.175,332.976,0.375
650.507,-10.248,-13409.9659939224,-40022.02077,101091.371,0.162,-2.175,274.976,0.375
5665.507,-13.248,-13409.9659939224,-28409.95077,-442785.629,1.162,1.825,124.976,0.375
1652.507,-5.24800000000005,-13409.9659939224,-54365.69077,-250516.629,1.162,-3.175,-497.024,0.375
-547.493,4.75199999999995,-13409.9659939224,22423.18923,2517.37099999998,0.162,-1.175,644.976,-0.625
642.507,4.75199999999995,-13409.9659939224,-34560.99077,69821.371,2.162,-2.175,-395.024,0.375
1736.507,-11.248,-13409.9659939224,-30833.48077,-428343.629,0.162,-2.175,594.976,0.375
-3110.493,12.752,-20913.9011639224,65428.84923,47203.371,2.162,1.825,124.976,0.375
-937.493,-4.24800000000005,-20913.9011639224,-50420.15077,242544.371,0.162,-2.175,-605.024,-0.625
284.507,8.75199999999995,-20913.9011639224,44443.54923,202196.371,-1.838,1.825,-395.024,-0.625
-3179.493,-9.24800000000005,-20913.9011639224,30754.34923,19267.371,-1.838,-2.175,-755.024,-0.625
1697.507,-11.248,-20913.9011639224,-50714.24077,-402563.629,1.162,-0.175000000000001,-575.024,-0.625
-1199.493,6.75199999999995,61438.3523360776,232422.74923,144609.371,-0.838,-0.175000000000001,644.976,0.375
-1256.493,-6.24800000000005,61438.3523360776,-37735.88077,35639.371,1.162,-1.175,384.976,0.375
-4030.493,-4.24800000000005,61438.3523360776,77803.54923,-13617.629,-0.838,0.824999999999999,274.976,-0.625
616.507,2.75199999999995,61438.3523360776,71072.84923,255090.371,1.162,1.825,384.976,0.375
-3021.493,-10.248,61438.3523360776,-33304.14077,-12439.629,-0.838,0.824999999999999,-195.024,0.375
-712.493,6.75199999999995,61438.3523360776,12009.07923,176836.371,-0.838,0.824999999999999,228.976,0.375
-1921.493,-7.24800000000005,61438.3523360776,-39520.90077,101561.371,-1.838,-0.175000000000001,-215.024,-0.625
-309.493,-4.24800000000005,61438.3523360776,-30797.46077,-13862.629,1.162,-2.175,497.976,0.375
657.507,6.75199999999995,61438.3523360776,-30797.46077,244670.371,-0.838,-0.175000000000001,-603.024,0.375
1653.507,-9.24800000000005,61438.3523360776,-59820.71077,-444441.629,1.162,-0.175000000000001,-395.024,-0.625
1379.507,-3.24800000000005,61438.3523360776,-20134.91077,-105072.629,-0.838,-2.175,509.976,0.375
-4030.493,2.75199999999995,61438.3523360776,71072.84923,21199.371,-0.838,0.824999999999999,384.976,0.375
-691.493,12.752,61438.3523360776,5428.84923000001,133647.371,0.162,-0.175000000000001,-31.0239999999999,0.375
-682.493,-7.24800000000005,61438.3523360776,-7808.76076999999,170206.371,-0.838,-2.175,594.976,0.375
8187.507,-6.24800000000005,61438.3523360776,55923.34923,-413631.629,-0.838,1.825,770.976,0.375
-4032.493,12.752,-23913.9011639224,-14571.15077,554528.371,0.162,-2.175,124.976,0.375
-1201.493,-4.24800000000005,-23913.9011639224,-14193.65077,82912.371,0.162,1.825,-135.024,0.375
144.507,-7.24800000000005,-23913.9011639224,-57880.55077,129078.371,0.162,-2.175,22.9760000000001,0.375
-3858.493,-6.24800000000005,-23913.9011639224,-12912.11077,-45315.629,-1.838,1.825,86.9760000000001,-0.625
873.507,0.751999999999953,-23913.9011639224,-27747.31077,135390.371,1.162,-2.175,-395.024,0.375
539.507,14.752,-23913.9011639224,-27747.31077,440058.371,-0.838,1.825,384.976,0.375
539.507,10.752,-23913.9011639224,-27747.31077,311783.371,1.162,1.825,-375.024,-0.625
539.507,-4.24800000000005,-23913.9011639224,-27747.31077,158104.371,0.162,1.825,644.976,0.375
1539.507,4.75199999999995,-23913.9011639224,-51535.00077,-277849.629,-1.838,-1.175,1284.976,-0.625
537.507,14.752,-23913.9011639224,77552.84923,206399.371,1.162,5.825,-395.024,0.375
730.507,-4.24800000000005,-23913.9011639224,-56457.90077,-36805.629,1.162,-1.175,-395.024,0.375
2704.507,-1.24800000000005,-23913.9011639224,39431.54923,-376330.629,1.162,4.825,644.976,0.375
-3414.493,-8.24800000000005,-23913.9011639224,-51697.65077,-39971.629,-1.838,1.825,-395.024,-0.625
-666.493,-4.24800000000005,-23913.9011639224,3919.59923000001,119513.371,-0.838,-1.175,355.976,0.375
-665.493,4.75199999999995,-27276.6135159224,-36985.85077,200611.371,0.162,2.825,176.976,-0.625
-729.493,4.75199999999995,-27276.6135159224,-42563.02077,60714.371,0.162,2.825,-307.024,-0.625
630.507,14.752,-27276.6135159224,20411.33923,139396.371,1.162,-0.175000000000001,124.976,0.375
1348.507,12.752,-26913.9011639224,41428.84923,-3051.62900000002,2.162,1.825,124.976,0.375
2339.507,0.751999999999953,-26913.9011639224,-34436.43077,-423077.629,1.162,2.825,-395.024,0.375
-1880.493,-1.24800000000005,-26913.9011639224,-43985.07077,240664.371,0.162,-2.175,124.976,0.375
-3607.493,2.75199999999995,-26913.9011639224,-1115.88076999999,194976.371,1.162,-0.175000000000001,384.976,0.375
4589.507,-8.24800000000005,-26913.9011639224,-39381.14077,-418691.629,-1.838,-2.175,-395.024,-0.625
-650.493,12.752,-26913.9011639224,21428.84923,87966.371,-1.838,-1.175,-395.024,-0.625
1554.507,12.752,-23913.9011639224,7428.84923000001,121076.371,-0.838,-2.175,-270.024,-0.625
-1785.493,4.75199999999995,-28489.0427319224,-16374.55077,131733.371,-0.838,1.825,-395.024,0.375
4835.507,-4.24800000000005,-28489.0427319224,-54948.46077,-436989.629,0.162,-2.175,-395.024,-0.625
-919.493,2.75199999999995,-28489.0427319224,41944.04923,135363.371,1.162,3.825,124.976,0.375
2749.507,-9.24800000000005,-28489.0427319224,-19257.01077,-383603.629,-0.838,1.825,124.976,-0.625
497.507,2.75199999999995,-28489.0427319224,5216.45923000001,17766.371,0.162,-2.175,644.976,-0.625
493.507,16.752,-28489.0427319224,50720.14923,151974.371,0.162,1.825,-135.024,-0.625
-3275.493,0.751999999999953,-28489.0427319224,-21058.19077,127942.371,0.162,1.825,-135.024,0.375
-1856.493,-6.24800000000005,-28489.0427319224,-50548.15077,-37010.629,-0.838,-2.175,-343.024,-0.625
-3786.493,-4.24800000000005,-28489.0427319224,-44382.40077,-417091.629,2.162,-4.175,116.976,0.375
-2744.493,-9.24800000000005,-28489.0427319224,-59820.71077,-53.6290000000154,0.162,-2.175,-859.024,0.375
-2708.493,4.75199999999995,-28489.0427319224,76982.54923,222063.371,-0.838,1.825,124.976,0.375
-2699.493,-3.24800000000005,-28489.0427319224,-33376.16077,-103255.629,1.162,1.825,-395.024,0.375
-3032.493,4.75199999999995,-28489.0427319224,-28498.84077,86872.371,-0.838,0.824999999999999,-395.024,-0.625
-3252.493,-7.24800000000005,-28489.0427319224,-43192.83077,193301.371,0.162,-0.175000000000001,-35.0239999999999,-0.625
-223.493,-11.248,-28489.0427319224,-30833.48077,-46690.629,-0.838,1.825,574.976,0.375
757.507,12.752,36086.0988360776,237752.84923,-1078.62900000002,0.162,1.825,384.976,0.375
299.507,-1.24800000000005,36086.0988360776,-22185.53077,55519.371,1.162,-2.175,-187.024,0.375
-294.493,0.751999999999953,36086.0988360776,-34436.43077,-27821.629,1.162,-2.175,-395.024,0.375
6334.507,10.752,36086.0988360776,-34436.43077,-415089.629,0.162,3.825,956.976,0.375
-264.493,-11.248,36086.0988360776,-37376.24077,-12471.629,-0.838,-2.175,124.976,-0.625
7845.507,-3.24800000000005,36086.0988360776,-15721.16077,162924.371,0.162,-2.175,-278.024,0.375
633.507,-5.24800000000005,36086.0988360776,12467.75923,-55186.629,-1.838,1.825,2099.976,-0.625
-1009.493,-9.24800000000005,36086.0988360776,30754.34923,206245.371,-1.838,1.825,-395.024,-0.625
-3848.493,-8.24800000000005,36086.0988360776,-53457.15077,-284660.629,3.162,-5.175,-355.024,-0.625
-3501.493,-4.24800000000005,36086.0988360776,-29288.02077,214675.371,1.162,-2.175,564.976,0.375
-1346.493,8.75199999999995,-30481.1205364224,-46440.41077,172237.371,-1.838,-0.175000000000001,124.976,-0.625
421.507,-8.24800000000005,-30481.1205364224,-34102.64077,137519.371,-0.838,-1.175,334.976,0.375
-793.493,-12.248,-30481.1205364224,-34036.58077,-398575.629,-1.838,4.825,-123.024,-0.625
1652.507,-3.24800000000005,-30481.1205364224,-52502.40077,-239199.629,1.162,-3.175,-443.024,0.375
4634.507,-8.24800000000005,-30481.1205364224,-60308.64077,-378898.629,2.162,-2.175,-475.024,0.375
436.507,0.751999999999953,-30481.1205364224,-7679.95077,332601.371,-1.838,1.825,-395.024,-0.625
436.507,-1.24800000000005,-30481.1205364224,503.77923,250699.371,-1.838,1.825,-135.024,-0.625
436.507,-9.24800000000005,-30481.1205364224,-28476.03077,-352464.629,-1.838,1.825,-115.024,-0.625
436.507,-11.248,-30481.1205364224,-24869.26077,-351026.629,-1.838,1.825,-371.024,-0.625
8058.507,-3.24800000000005,-30481.1205364224,-56916.15077,-353691.629,0.162,-2.175,-395.024,0.375
7905.507,-9.24800000000005,-30481.1205364224,-24788.42077,-330446.629,-0.838,-0.175000000000001,-1011.024,0.375
-476.493,10.752,-30481.1205364224,-67479.37977,132844.371,-0.838,-2.175,-315.024,0.375
3491.507,10.752,-30481.1205364224,52067.64923,-225099.629,-0.838,1.825,-915.024,0.375
-294.493,-8.24800000000005,-30481.1205364224,-23545.64077,-51579.629,2.162,-2.175,124.976,0.375
-4039.493,-3.24800000000005,-30481.1205364224,-30433.66077,-382574.629,-1.838,3.825,164.976,-0.625
5774.507,-9.24800000000005,-30481.1205364224,-818.960769999991,-420955.629,5.162,-2.175,44.9760000000001,0.375
-3137.493,-3.24800000000005,-30481.1205364224,-39261.15077,243902.371,0.162,1.825,70.9760000000001,0.375
-566.493,-11.248,-30481.1205364224,-28845.41077,72071.371,-1.838,-2.175,464.976,-0.625
-3179.493,-8.24800000000005,-30481.1205364224,-41140.64077,12130.371,-1.838,-2.175,-105.024,-0.625
1090.507,-4.24800000000005,-30481.1205364224,6938.47923000001,-14123.629,1.162,-2.175,64.9760000000001,0.375
-1786.493,-4.24800000000005,-30481.1205364224,-36835.21077,240271.371,1.162,5.825,-545.024,0.375
-584.493,16.752,-30481.1205364224,-30350.68077,151933.371,-0.838,-2.175,-395.024,0.375
460.507,14.752,-30481.1205364224,-10932.88077,-301935.629,1.162,1.825,-655.024,0.375
-309.493,2.75199999999995,-30481.1205364224,-34044.11077,73382.371,0.162,-2.175,384.976,0.375
-2929.493,10.752,-30481.1205364224,237287.44923,-318262.629,-1.838,1.825,124.976,0.375
-574.493,4.75199999999995,-21820.6820439224,4236.74923,145107.371,1.162,0.824999999999999,124.976,0.375
-3342.493,-5.24800000000005,-21820.6820439224,65817.94923,174914.371,2.162,-2.175,-15.0239999999999,0.375
-4001.493,-5.24800000000005,-21820.6820439224,-10846.23077,151693.371,-1.838,3.825,-925.024,-0.625
175.507,6.75199999999995,-21820.6820439224,12009.07923,67384.371,1.162,-1.175,124.976,0.375
7905.507,-3.24800000000005,-21820.6820439224,-18663.66077,-332450.629,-1.838,-0.175000000000001,-115.024,-0.625
599.507,-6.24800000000005,-21820.6820439224,-58358.83077,-15728.629,1.162,-3.175,-1755.024,0.375
7749.507,-8.24800000000005,-21820.6820439224,-7710.13076999999,234842.371,-1.838,1.825,-91.0239999999999,-0.625
367.507,-10.248,-21820.6820439224,-36183.24077,309884.371,-0.838,-0.175000000000001,-350.024,0.375
59.5070000000001,-8.24800000000005,-21820.6820439224,-35862.14077,-355535.629,-1.838,-1.175,-443.024,-0.625
2870.507,4.75199999999995,-21820.6820439224,30910.14923,-425575.629,2.162,-1.175,29.9760000000001,0.375
1970.507,-3.24800000000005,-21820.6820439224,-24548.66077,-395661.629,-1.838,1.825,2164.976,-0.625
-1323.493,4.75199999999995,-29822.7148699224,-29711.27077,77839.371,0.162,-2.175,-715.024,0.375
1554.507,16.752,7779.0081560776,25846.14923,208553.371,0.162,-2.175,-395.024,0.375
-4002.493,16.752,-17095.0049739224,54405.24923,300303.371,1.162,3.825,-257.024,0.375
497.507,-4.24800000000005,-17095.0049739224,-20231.40077,-65711.629,1.162,-2.175,-171.024,0.375
3118.507,-5.24800000000005,-17095.0049739224,-48148.62077,-345705.629,-1.838,1.825,-395.024,-0.625
2755.507,-7.24800000000005,-17095.0049739224,-27837.48077,-408352.629,0.162,0.824999999999999,-395.024,0.375
-538.493,-12.248,-17095.0049739224,-20862.84077,-324250.629,-0.838,-0.175000000000001,-15.0239999999999,0.375
-538.493,-8.24800000000005,-17095.0049739224,35988.84923,-310608.629,0.162,-0.175000000000001,-395.024,0.375
335.507,16.752,-17095.0049739224,266584.24923,346158.371,-0.838,1.825,124.976,-0.625
335.507,14.752,-17095.0049739224,252007.14923,269803.371,-0.838,1.825,124.976,-0.625
-537.493,4.75199999999995,-17095.0049739224,252007.14923,-361670.629,0.162,1.825,1424.976,0.375
-3190.493,-8.24800000000005,-17095.0049739224,-40260.89077,120033.371,0.162,1.825,-1005.024,0.375
-1634.493,-4.24800000000005,-17095.0049739224,-24759.71077,-27320.629,0.162,-0.175000000000001,233.976,0.375
-1056.493,16.752,-17095.0049739224,266584.24923,305084.371,0.162,-0.175000000000001,380.976,0.375
4968.507,0.751999999999953,-17095.0049739224,-47814.67077,-404673.629,2.162,-2.175,-611.024,0.375
-1434.493,-4.24800000000005,-17095.0049739224,5429.04923,-31433.629,0.162,1.825,436.976,0.375
5244.507,0.751999999999953,-17095.0049739224,-57179.44077,-359794.629,-1.838,-2.175,-135.024,-0.625
-1094.493,4.75199999999995,-17095.0049739224,-38198.27077,-43383.629,-1.838,-2.175,124.976,-0.625
-3244.493,-9.24800000000005,-17095.0049739224,30754.34923,252147.371,-0.838,1.825,-315.024,0.375
-4002.493,4.75199999999995,-18789.6090039224,11511.32923,194867.371,-0.838,3.825,-135.024,0.375
2008.507,-11.248,-18789.6090039224,-61648.66077,-254121.629,1.162,-2.175,-115.024,0.375
-3656.493,-10.248,-18789.6090039224,-45780.21077,-75814.629,-0.838,-4.175,-675.024,0.375
-937.493,-11.248,-18789.6090039224,-52702.32077,242757.371,0.162,-2.175,-499.024,-0.625
-843.493,4.75199999999995,-18789.6090039224,-1825.40076999999,65023.371,1.162,2.825,-395.024,0.375
5352.507,4.75199999999995,-18789.6090039224,10298.89923,-422250.629,-1.838,-1.175,644.976,-0.625
299.507,-3.24800000000005,-18789.6090039224,-31904.91077,53651.371,1.162,-2.175,19.9760000000001,0.375
4399.507,-11.248,-18789.6090039224,-31904.91077,-436031.629,-0.838,-2.175,-395.024,0.375
2214.507,4.75199999999995,-21214.4674359224,-31904.91077,-397093.629,1.162,-1.175,-395.024,0.375
7888.507,6.75199999999995,-21214.4674359224,-28395.02077,-323283.629,1.162,2.825,-855.024,0.375
-513.493,14.752,7079.09704607761,67902.64923,173342.371,0.162,2.825,724.976,0.375
-2842.493,14.752,7079.09704607761,-8083.40076999999,206744.371,-0.838,-2.175,-395.024,0.375
-2927.493,-5.24800000000005,7079.09704607761,-7737.70077,136137.371,-1.838,1.825,354.976,-0.625
284.507,14.752,7079.09704607761,-27079.90077,258612.371,-1.838,2.825,1164.976,-0.625
284.507,10.752,7079.09704607761,21674.30923,228176.371,-1.838,2.825,-395.024,-0.625
-538.493,-3.24800000000005,7079.09704607761,74985.84923,598580.371,1.162,-0.175000000000001,64.9760000000001,0.375
-1044.493,4.75199999999995,7079.09704607761,-44260.42077,-209672.629,1.162,-2.175,-395.024,-0.625
-2170.493,4.75199999999995,7079.09704607761,-38198.27077,382327.371,2.162,-2.175,880.976,0.375
3141.507,-11.248,7079.09704607761,-32821.56077,-451311.629,1.162,-2.175,852.976,0.375
4790.507,-1.24800000000005,7079.09704607761,-3867.25077,-402532.629,-0.838,1.825,-135.024,0.375
-294.493,-1.24800000000005,7079.09704607761,-25911.47077,-49201.629,2.162,-2.175,-215.024,0.375
-3275.493,-1.24800000000005,7079.09704607761,7455.15923,99802.371,-0.838,1.825,-135.024,0.375
757.507,14.752,48871.3950760776,252007.14923,26426.371,-0.838,1.825,384.976,0.375
-885.493,8.75199999999995,48871.3950760776,252007.14923,132396.371,-1.838,1.825,-135.024,-0.625
-1009.493,-6.24800000000005,48871.3950760776,10310.11923,213911.371,-0.838,1.825,-395.024,0.375
16.5070000000001,-10.248,48871.3950760776,39416.04923,359485.371,-0.838,-1.175,-340.024,0.375
2472.507,-11.248,48871.3950760776,-22881.18077,-403875.629,2.162,1.825,20.9760000000001,0.375
436.507,-12.248,48871.3950760776,-37076.67077,-358521.629,-1.838,1.825,-187.024,-0.625
246.507,12.752,-4913.9011639224,-9571.15076999999,-382516.629,-1.838,-0.175000000000001,124.976,-0.625
246.507,10.752,-28988.9919409224,16608.75923,-392702.629,-0.838,-0.175000000000001,124.976,0.375
246.507,8.75199999999995,-22258.2886149224,-39948.70077,-399397.629,-0.838,-0.175000000000001,324.976,0.375
-294.493,-11.248,-22258.2886149224,-24869.26077,-65266.629,2.162,-2.175,-395.024,0.375
2587.507,-8.24800000000005,-22258.2886149224,-53457.15077,-414603.629,-1.838,-0.175000000000001,1684.976,-0.625
3358.507,-4.24800000000005,-22258.2886149224,-36835.21077,-87186.629,0.162,-2.175,-395.024,0.375
1379.507,2.75199999999995,-22258.2886149224,-13780.59077,-98189.629,1.162,-2.175,124.976,0.375
-294.493,-5.24800000000005,-22258.2886149224,-27943.16077,-68123.629,2.162,-2.175,124.976,0.375
-1229.493,14.752,-22258.2886149224,20411.33923,846330.371,-1.838,-0.175000000000001,124.976,-0.625
-1229.493,12.752,-26413.9011639224,15428.84923,733377.371,-1.838,-0.175000000000001,644.976,-0.625
-1072.493,-3.24800000000005,-26413.9011639224,-37789.90077,45610.371,-0.838,-1.175,617.976,-0.625
-3165.493,16.752,-26413.9011639224,26767.44923,311432.371,1.162,4.825,124.976,-0.625
225.507,-3.24800000000005,-26413.9011639224,-9836.16076999999,-29411.629,4.162,-1.175,804.976,0.375
1025.507,-9.24800000000005,-26413.9011639224,-24788.42077,93332.371,0.162,-2.175,-45.0239999999999,0.375
-2979.493,-8.24800000000005,-26413.9011639224,-49938.14077,118882.371,0.162,-2.175,-299.024,-0.625
217.507,10.752,9610.5035360776,237287.44923,-1109.62900000002,1.162,5.825,-395.024,0.375
-2756.493,2.75199999999995,9610.5035360776,199239.64923,64961.371,1.162,0.824999999999999,644.976,0.375
3677.507,-1.24800000000005,9610.5035360776,-41204.51077,-420169.629,1.162,1.825,956.976,0.375
3491.507,6.75199999999995,9610.5035360776,46641.14923,-207318.629,-0.838,1.825,-395.024,0.375
860.507,-1.24800000000005,9610.5035360776,-34948.27077,185207.371,1.162,-2.175,124.976,0.375
-1434.493,-3.24800000000005,9610.5035360776,-15721.16077,-19682.629,0.162,1.825,500.976,0.375
-3465.493,-6.24800000000005,9610.5035360776,-26525.15077,127088.371,-0.838,-1.175,-1625.024,-0.625
5444.507,4.75199999999995,9610.5035360776,-1825.40076999999,-440760.629,2.162,-2.175,1684.976,0.375
-2638.493,-4.24800000000005,9610.5035360776,-29288.02077,-338541.629,-0.838,2.825,356.976,-0.625
7762.507,-1.24800000000005,9610.5035360776,-32862.85077,299373.371,-1.838,-5.175,-187.024,-0.625
-1346.493,6.75199999999995,9610.5035360776,-63951.80077,137828.371,-1.838,-0.175000000000001,124.976,-0.625
979.507,-7.24800000000005,9610.5035360776,-41189.95077,30814.371,0.162,-2.175,-395.024,0.375
1493.507,16.752,9610.5035360776,-10082.97077,255542.371,0.162,1.825,1391.976,-0.625
-28.4929999999999,-6.24800000000005,9610.5035360776,-2822.45077,67157.371,0.162,-0.175000000000001,834.976,0.375
175.507,16.752,9610.5035360776,-68122.33277,132221.371,-1.838,-0.175000000000001,-1855.024,-0.625
1090.507,2.75199999999995,9610.5035360776,20414.09923,25705.371,1.162,-2.175,852.976,0.375
-1207.493,4.75199999999995,9610.5035360776,-49110.14077,264547.371,0.162,-2.175,-395.024,0.375
1867.507,12.752,-30413.9011639224,-39571.15077,-153594.629,1.162,1.825,1164.976,0.375
-2638.493,-8.24800000000005,-30413.9011639224,-29703.89077,-336706.629,-1.838,2.825,-235.024,-0.625
867.507,-4.24800000000005,-30413.9011639224,-42872.96077,83937.371,-0.838,1.825,-275.024,0.375
-496.493,12.752,-29913.9011639224,-4571.15076999999,397044.371,1.162,-2.175,-239.024,0.375
3047.507,14.752,-29913.9011639224,252007.14923,-271679.629,1.162,5.825,644.976,0.375
7706.507,4.75199999999995,-30307.6865559224,-16374.55077,-321461.629,-1.838,0.824999999999999,-395.024,-0.625
-985.493,-7.24800000000005,-30307.6865559224,-12815.94077,191201.371,-1.838,1.825,-195.024,-0.625
-2969.493,-4.24800000000005,-30307.6865559224,77803.54923,443943.371,-0.838,0.824999999999999,-405.024,0.375
278.507,-9.24800000000005,-30307.6865559224,-33085.54077,154196.371,-0.838,1.825,152.976,0.375
-682.493,-9.24800000000005,-30307.6865559224,30754.34923,136379.371,-0.838,-2.175,124.976,0.375
967.507,12.752,-24413.9011639224,11928.84923,152325.371,0.162,3.825,-83.0239999999999,0.375
-1728.493,14.752,-30533.9711818224,-23280.60077,121275.371,-0.838,1.825,-239.024,0.375
5638.507,-8.24800000000005,-30533.9711818224,-39381.14077,-417403.629,-1.838,-1.175,58.9760000000001,-0.625
225.507,-6.24800000000005,-30533.9711818224,-7306.74076999999,-45563.629,1.162,-1.175,848.976,0.375
4790.507,2.75199999999995,-30533.9711818224,-26445.29077,-388055.629,-0.838,1.825,124.976,0.375
537.507,12.752,-30533.9711818224,85428.84923,122939.371,1.162,5.825,-83.0239999999999,0.375
5804.507,-5.24800000000005,-30533.9711818224,14022.02923,-401049.629,1.162,-1.175,684.976,0.375
3256.507,-8.24800000000005,-30533.9711818224,-53457.15077,-403496.629,-0.838,1.825,-395.024,0.375
1522.507,4.75199999999995,-30533.9711818224,-6675.11077,162685.371,1.162,2.825,852.976,0.375
-3301.493,16.752,-30533.9711818224,-50618.40077,281093.371,-1.838,-2.175,1036.976,-0.625
3580.507,16.752,-24465.0829439224,-5476.67077,-388397.629,0.162,-0.175000000000001,410.976,-0.625
-1946.493,-7.24800000000005,-24465.0829439224,-67060.38177,-17062.629,1.162,-5.175,-1455.024,0.375
-434.493,0.751999999999953,-24465.0829439224,-45139.02077,18808.371,-1.838,-2.175,-395.024,-0.625
3009.507,-5.24800000000005,-24465.0829439224,-55919.95077,-394320.629,2.162,-1.175,-265.024,-0.625
-398.493,-11.248,-24465.0829439224,-14928.88077,28258.371,-1.838,1.825,74.9760000000001,-0.625
-516.493,2.75199999999995,-24465.0829439224,-64439.39077,148232.371,1.162,-2.175,-875.024,0.375
-2056.493,-5.24800000000005,-24465.0829439224,-53588.55077,71522.371,0.162,-1.175,-520.024,0.375
-3104.493,4.75199999999995,-27276.6135159224,-20011.83077,67157.371,1.162,-2.175,-135.024,0.375
853.507,4.75199999999995,-27276.6135159224,-13100.99077,65614.371,2.162,-2.175,124.976,0.375
-3200.493,12.752,-27276.6135159224,-14571.15077,400962.371,-1.838,-2.175,124.976,0.375
2339.507,-3.24800000000005,-27276.6135159224,-37789.90077,-429743.629,1.162,2.825,48.9760000000001,0.375
-2228.493,-13.248,-27276.6135159224,2169.74923,241686.371,1.162,2.825,-395.024,0.375
-189.493,-5.24800000000005,-27276.6135159224,-15509.03077,189341.371,-1.838,1.825,-350.024,-0.625
65.5070000000001,-5.24800000000005,-27276.6135159224,-29497.42077,44650.371,3.162,1.825,-31.0239999999999,-0.625
-371.493,-11.248,-27276.6135159224,-47930.94077,-383306.629,0.162,-1.175,-363.024,-0.625
3288.507,8.75199999999995,-27276.6135159224,31460.14923,-395709.629,-0.838,4.825,1334.976,0.375
-1009.493,-12.248,-27276.6135159224,5259.65923,180039.371,-1.838,1.825,-395.024,-0.625
-1128.493,-4.24800000000005,-27276.6135159224,8447.91923000001,180924.371,-0.838,1.825,-395.024,0.375
-426.493,-4.24800000000005,-27276.6135159224,77803.54923,194650.371,1.162,-1.175,1304.976,0.375
-364.493,-9.24800000000005,-27276.6135159224,30754.34923,269816.371,2.162,1.825,-395.024,0.375
-3342.493,-8.24800000000005,-27276.6135159224,35988.84923,156158.371,1.162,-2.175,432.976,0.375
1674.507,-5.24800000000005,-27276.6135159224,-45040.09077,-408363.629,2.162,-2.175,-255.024,0.375
2875.507,-1.24800000000005,-27276.6135159224,-65534.35377,-247737.629,-1.838,-2.175,20.9760000000001,-0.625
1827.507,-9.24800000000005,-27276.6135159224,-54289.30077,-369473.629,-0.838,-1.175,-1015.024,-0.625
1652.507,-7.24800000000005,-27276.6135159224,-54289.30077,-239983.629,1.162,-3.175,-605.024,0.375
1150.507,0.751999999999953,-27276.6135159224,-34436.43077,-402316.629,1.162,2.825,-395.024,0.375
1459.507,-6.24800000000005,-27276.6135159224,-2502.14077,175611.371,1.162,-2.175,124.976,0.375
-352.493,-3.24800000000005,-27276.6135159224,-56916.15077,107618.371,1.162,-2.175,-945.024,0.375
-352.493,-1.24800000000005,-27276.6135159224,-46765.62077,113038.371,1.162,-2.175,-595.024,0.375
-1288.493,4.75199999999995,-27276.6135159224,-46765.62077,39566.371,1.162,-2.175,644.976,0.375
2591.507,4.75199999999995,-29337.7431829224,10298.89923,-421143.629,-1.838,3.825,1164.976,-0.625
-2989.493,-5.24800000000005,-29337.7431829224,3142.16923000001,145566.371,0.162,1.825,-135.024,0.375
-3305.493,-7.24800000000005,-29337.7431829224,-47866.19077,58710.371,0.162,-2.175,-215.024,-0.625
16.5070000000001,-8.24800000000005,-29337.7431829224,35988.84923,332381.371,-0.838,-1.175,-235.024,0.375
3635.507,-3.24800000000005,-29337.7431829224,-31904.91077,-414448.629,-1.838,0.824999999999999,124.976,-0.625
-2882.493,4.75199999999995,-29337.7431829224,-23649.12077,-282168.629,-0.838,-0.175000000000001,-395.024,0.375
3504.507,4.75199999999995,-29337.7431829224,-35773.42077,-388826.629,1.162,1.825,-395.024,0.375
1154.507,6.75199999999995,-22255.8773979224,24130.31923,211553.371,2.162,1.825,124.976,0.375
4256.507,-3.24800000000005,-22255.8773979224,-61329.90077,-437784.629,-0.838,-2.175,-345.024,0.375
2048.507,8.75199999999995,-22255.8773979224,-31293.09077,-386119.629,-1.838,-2.175,-395.024,-0.625
630.507,12.752,-8913.9011639224,54228.84923,142691.371,1.162,-0.175000000000001,280.976,0.375
-4062.493,4.75199999999995,-8913.9011639224,-13949.69077,290844.371,1.162,-0.175000000000001,384.976,0.375
-1434.493,-11.248,-8913.9011639224,-34809.63077,-27340.629,-1.838,1.825,124.976,-0.625
-1634.493,-10.248,-8913.9011639224,-24666.86077,-15829.629,0.162,-0.175000000000001,769.976,0.375
-1482.493,10.752,-8913.9011639224,74356.04923,93816.371,1.162,5.825,124.976,0.375
-3876.493,10.752,-8913.9011639224,237287.44923,233985.371,2.162,3.825,124.976,0.375
1467.507,4.75199999999995,-8913.9011639224,-26073.98077,-286844.629,1.162,-2.175,884.976,0.375
3047.507,16.752,-8913.9011639224,86649.34923,-238038.629,3.162,5.825,-1650.024,0.375
1185.507,4.75199999999995,-30307.6865559224,-40016.92077,213112.371,0.162,-2.175,124.976,-0.625
-294.493,-7.24800000000005,-30307.6865559224,-16154.06077,-46578.629,2.162,-2.175,94.9760000000001,0.375
-1347.493,-4.24800000000005,-30307.6865559224,-3627.59077,34141.371,0.162,2.825,1154.976,0.375
-22.4929999999999,2.75199999999995,-30307.6865559224,-49241.75077,92297.371,3.162,-2.175,-395.024,0.375
1752.507,-3.24800000000005,-30307.6865559224,-37789.90077,-287178.629,-0.838,-2.175,124.976,0.375
-28.4929999999999,14.752,-30307.6865559224,252007.14923,102183.371,0.162,-0.175000000000001,3244.976,0.375
-28.4929999999999,-3.24800000000005,-30307.6865559224,74985.84923,49353.371,1.162,-0.175000000000001,1040.976,0.375
-2768.493,16.752,-30307.6865559224,35058.74923,217200.371,0.162,3.825,59.9760000000001,0.375
602.507,-12.248,-30307.6865559224,-54547.07077,43308.371,0.162,-0.175000000000001,-347.024,-0.625
8473.507,-11.248,-30307.6865559224,-16916.95077,-440056.629,0.162,-0.175000000000001,1164.976,0.375
6239.507,-4.24800000000005,-30307.6865559224,-48910.71077,-414358.629,-1.838,-2.175,-635.024,-0.625
-371.493,-12.248,-30307.6865559224,-62410.78077,-385248.629,2.162,-1.175,-1440.024,-0.625
-2756.493,-6.24800000000005,-30307.6865559224,-39337.42077,16130.371,-0.838,0.824999999999999,-636.024,0.375
1425.507,2.75199999999995,-30307.6865559224,-46708.81077,33715.371,0.162,-2.175,-395.024,0.375
-41.4929999999999,-3.24800000000005,-30307.6865559224,-49559.90077,142687.371,-0.838,1.825,260.976,0.375
-294.493,-6.24800000000005,-30307.6865559224,-21720.54077,-73402.629,2.162,-2.175,40.9760000000001,0.375
-294.493,-4.24800000000005,-30307.6865559224,-21740.83077,-69044.629,2.162,-2.175,-35.0239999999999,0.375
-45.4929999999999,4.75199999999995,-30307.6865559224,-11524.83077,136265.371,2.162,-1.175,-515.024,0.375
6330.507,-9.24800000000005,-30307.6865559224,-35851.25077,-456529.629,-0.838,-1.175,-35.0239999999999,-0.625
520.507,10.752,-30307.6865559224,-22902.53077,12676.371,0.162,2.825,1372.976,-0.625
-2556.493,8.75199999999995,-30307.6865559224,-2080.39077,212765.371,1.162,-2.175,124.976,0.375
-273.493,4.75199999999995,-30307.6865559224,-17586.98077,-8119.62900000002,4.162,3.825,-935.024,0.375
1154.507,14.752,-21415.6516119224,34658.74923,301872.371,-0.838,1.825,124.976,0.375
6321.507,-13.248,-21415.6516119224,-53588.79077,-462721.629,0.162,1.825,-649.024,-0.625
436.507,14.752,-28681.8125189224,-28979.55077,526289.371,-1.838,1.825,-135.024,-0.625
596.507,6.75199999999995,-28681.8125189224,232422.74923,103597.371,1.162,1.825,1164.976,0.375
7857.507,4.75199999999995,-28681.8125189224,10298.89923,288780.371,0.162,5.825,20.9760000000001,0.375
3790.507,8.75199999999995,-20094.3854739224,10298.89923,-354611.629,0.162,-0.175000000000001,488.976,0.375
-1274.493,12.752,-20094.3854739224,-39571.15077,-283742.629,-0.838,-2.175,-395.024,0.375
-1274.493,14.752,-20094.3854739224,-50825.53077,-283509.629,0.162,-2.175,-395.024,0.375
-4039.493,-5.24800000000005,-20094.3854739224,-65245.55177,-382207.629,1.162,3.825,-1755.024,0.375
-328.493,6.75199999999995,61438.3523360776,232422.74923,212475.371,2.162,3.825,384.976,0.375
-2291.493,-4.24800000000005,61438.3523360776,-38344.65077,-13615.629,0.162,-2.175,794.976,0.375
1286.507,-5.24800000000005,61438.3523360776,-4629.17077,-21067.629,-0.838,-0.175000000000001,841.976,0.375
5385.507,-8.24800000000005,61438.3523360776,35988.84923,-460988.629,-1.838,2.825,-565.024,-0.625
3648.507,10.752,-16932.9815439224,49028.24923,-145683.629,2.162,3.825,56.9760000000001,0.375
2666.507,-4.24800000000005,-16932.9815439224,-14193.65077,-428561.629,0.162,-2.175,569.976,-0.625
-87.4929999999999,-5.24800000000005,-16932.9815439224,65817.94923,331465.371,-0.838,1.825,644.976,0.375
-87.4929999999999,-9.24800000000005,-16932.9815439224,30754.34923,346180.371,-1.838,1.825,470.976,-0.625
-3200.493,10.752,-16932.9815439224,-3653.44076999999,354582.371,-1.838,-2.175,644.976,0.375
