,person,year,PPamount,labinc,wt,famsize,educ,hours,married
0,3874,1990,3031.07304,75107.69,547425,3,16.0,1204,1
1,9744,1988,3031.07304,61767.46,79045,2,16.0,2600,1
2,11880,2002,3031.07304,42435.02,596344,2,12.0,1870,1
3,120,1998,3031.07304,197957.8,573049,1,16.0,3640,0
4,8621,2002,3031.07304,24248.58,229214,3,12.0,2496,1
5,6745,2002,3031.07304,66683.61,153188,3,12.0,3224,0
6,2438,1994,3031.07304,54436.24,550633,5,17.0,3205,1
7,3095,1996,3031.07304,30586.08,669991,4,12.0,3430,0
8,8224,1988,3031.07304,64533.16,124715,1,12.0,2806,0
9,1477,1986,3031.07304,23856.91,843990,4,15.0,1540,1
10,4552,2008,16209.761880000002,112455.2,1259740,3,15.0,2600,1
11,8976,2004,16209.761880000002,112455.2,159195,4,12.0,2600,1
12,696,1993,16209.761880000002,28679.31,560451,3,13.0,2080,1
13,4407,2010,50000.0,312324.0,788433,1,16.0,2600,0
14,5420,2008,20262.20235,124612.5,505595,5,16.0,3120,1
15,1617,1988,20262.20235,27657.07,572767,4,12.0,1728,0
16,10311,1996,20262.20235,31976.36,115145,1,12.0,2340,0
17,4859,2014,20262.20235,38692.91,632723,1,14.0,2080,0
18,3381,2008,20262.20235,126638.8,709921,5,12.0,2600,1
19,160,2002,20262.20235,66683.61,528044,3,14.0,2080,1
20,3421,2012,20262.20235,104480.7,614653,1,13.0,2340,0
21,11980,1992,20262.20235,31085.33,188819,4,12.0,2080,1
22,922,2002,20262.20235,90932.19,613540,6,12.0,2850,1
23,9169,1985,20262.20235,38507.84,87386,2,13.0,2390,1
24,1374,1996,20262.20235,41708.3,556411,3,16.0,1820,1
25,3214,1998,20262.20235,50837.31,630151,2,12.0,2860,0
26,32,1988,20262.20235,42407.51,144194,1,17.0,1440,0
27,6776,1998,20262.20235,197957.8,150607,4,19.0,3640,1
28,5769,1988,20262.20235,9219.023,120461,5,14.0,800,1
29,8242,1988,20262.20235,55314.14,117936,4,12.0,2290,1
30,5727,2002,7274.575295999999,63046.32,87199,1,14.0,3320,0
31,3558,2014,50669.28601,128976.4,702088,2,17.0,3120,1
32,5388,2002,50669.28601,128976.4,559582,5,16.0,780,1
33,3575,2008,1013.110117,62812.83,838808,5,12.0,2080,1
34,1750,2000,1013.110117,43059.98,183106,5,12.0,2080,1
35,4680,1986,1013.110117,27833.06,513835,5,12.0,2311,1
36,2119,1990,1013.110117,10014.36,137450,6,12.0,1255,1
37,1175,2002,24248.58432,133367.2,757940,1,19.0,3120,0
38,6894,2012,9498.249552,97831.97,137100,1,12.0,1480,0
39,9829,1994,9498.249552,44137.49,72017,4,12.0,2756,1
40,960,2014,9498.249552,341155.4,742433,2,15.0,3120,1
41,8045,2000,9498.249552,18997.05,260721,1,10.0,2080,0
42,1142,1991,9498.249552,40038.34,150234,3,16.0,2340,1
43,3777,1994,9498.249552,51493.74,462180,5,12.0,2480,1
44,710,1990,9498.249552,49070.36,685573,1,16.0,2440,0
45,1950,1991,9498.249552,51969.76,563491,2,14.0,2928,0
46,554,2014,36850.38983,341155.4,941496,6,19.0,2600,1
47,4043,2002,36850.38983,286133.3,647638,4,14.0,5200,1
48,2285,2008,36850.38983,61799.72,874829,4,20.0,2132,1
49,285,1987,36850.38983,16314.86,108106,4,10.0,1744,0
50,5540,2000,36850.38983,154509.3,569437,2,14.0,2704,1
51,1143,1989,36850.38983,43987.51,720468,2,16.0,2600,0
52,7720,2012,26595.09875,156721.1,417253,5,18.0,2600,1
53,1003,2002,26595.09875,127305.1,621058,2,16.0,3120,1
54,888,2000,26595.09875,68389.38,952565,4,12.0,2860,1
55,5013,1993,26595.09875,43773.69,92063,5,14.0,3221,1
56,1142,2004,26595.09875,306993.9,204338,4,16.0,2340,1
57,822,1993,26595.09875,90566.26,880466,4,12.0,2820,1
58,2703,1998,26595.09875,86958.55,122814,2,16.0,2080,1
59,39,1996,26595.09875,75074.93,831154,2,12.0,3120,1
60,729,2014,460629.8728,341155.4,873935,3,13.0,3016,1
61,5784,2002,21823.72589,151553.7,149822,5,16.0,2444,1
62,4305,1993,21823.72589,9056.625,555245,2,12.0,1041,1
63,6060,2014,21823.72589,36850.39,306505,4,17.0,1920,1
64,5531,1987,21823.72589,113987.2,697579,3,12.0,2600,1
65,2895,2002,21823.72589,286133.3,996281,1,16.0,2600,0
66,4247,2008,21823.72589,24314.64,561772,3,13.0,2600,1
67,906,2008,21823.72589,121573.2,733202,4,19.0,2600,0
68,5808,1994,21823.72589,41194.99,105167,4,12.0,2735,1
69,1142,2010,21823.72589,41194.99,214316,2,16.0,2600,1
70,6353,1993,21823.72589,34717.06,107827,3,13.0,2750,1
71,218,2010,21823.72589,312324.0,982683,3,16.0,2414,1
72,2643,1989,21823.72589,31671.01,115601,1,12.0,2514,0
73,1603,2000,21823.72589,27862.34,735564,4,17.0,2080,1
74,1515,2008,21823.72589,86114.36,711578,4,12.0,2860,1
75,1963,1994,21823.72589,69148.74,592147,5,12.0,4028,1
76,5513,2008,21823.72589,34445.74,499645,2,16.0,1720,1
77,11858,1988,21823.72589,105325.5,200612,1,12.0,1960,0
78,9,2006,21823.72589,70326.85,858945,4,14.0,2600,1
79,457,1996,21823.72589,54220.79,561753,4,16.0,2600,1
80,3228,1994,21823.72589,44137.49,486326,2,17.0,2185,1
81,1955,2010,400.0,57000.0,561751,2,14.0,2496,1
82,2073,1989,400.0,16662.47,659875,3,12.0,2080,1
83,4705,1990,400.0,123982.8,473661,1,16.0,3604,0
84,9847,2006,400.0,97375.64,93605,1,19.0,2340,0
85,729,1986,400.0,85723.84,656889,3,12.0,2880,1
86,7707,1993,400.0,45283.13,99933,1,15.0,2600,0
87,9344,1996,400.0,19463.87,111617,3,14.0,1920,1
88,2815,1993,400.0,22641.56,557184,4,13.0,1970,1
89,3446,1988,400.0,14750.44,625212,3,12.0,1370,0
90,5051,1993,400.0,54339.75,566471,3,12.0,3933,1
91,4247,2010,400.0,70000.0,574807,3,14.0,2600,1
92,5162,1988,400.0,79283.6,495317,1,12.0,2496,0
93,4564,2002,400.0,55771.74,248954,4,16.0,2600,1
94,9789,2008,400.0,40524.41,115014,3,12.0,1372,1
95,1195,1992,400.0,54399.32,146766,2,16.0,2600,0
96,4042,1998,400.0,116390.7,459128,2,15.0,4160,1
97,7337,1994,400.0,39723.75,93366,1,14.0,2080,0
98,871,2012,400.0,101631.3,1004044,3,12.0,3120,1
99,9710,1987,400.0,39827.46,105320,1,13.0,2204,0
100,3791,1985,400.0,50668.21,580753,5,12.0,2910,1
101,1023,2008,400.0,60786.61,815067,4,16.0,3120,1
102,7420,1988,400.0,46095.12,192478,3,13.0,2150,1
103,5091,1990,400.0,29375.45,627551,2,16.0,2132,1
104,10182,1990,400.0,35050.25,132347,4,12.0,2388,0
105,6130,1994,400.0,79447.49,205911,3,14.0,2160,1
106,3472,2002,400.0,286133.3,610278,4,18.0,2600,1
107,1195,1990,400.0,33381.2,145515,2,16.0,3470,0
108,8908,1994,400.0,30896.25,103989,3,12.0,2608,1
109,37,1988,400.0,35032.29,628703,3,12.0,2080,1
110,934,1984,400.0,23080.6,711051,3,16.0,2695,1
111,2951,2006,135.2439461,21639.03,209930,1,10.0,1750,0
112,892,1990,135.2439461,35050.25,549964,1,12.0,2730,0
113,1631,2010,50000.0,145000.0,595717,1,16.0,2600,0
114,2086,2000,50000.0,31661.75,735564,3,12.0,2340,0
115,2233,1989,50000.0,35190.01,534003,1,16.0,1600,0
116,891,1987,50000.0,63340.06,648390,2,12.0,3310,0
117,3341,2002,50000.0,37585.3,472983,3,18.0,2132,1
118,4508,1984,50000.0,35670.02,164827,1,16.0,2288,0
119,4407,2006,162292.7353,302747.4,830895,1,16.0,2600,0
120,6120,1998,162292.7353,17391.71,122859,3,12.0,2080,0
121,3258,1996,162292.7353,36147.19,948955,2,13.0,2080,1
122,4023,2002,162292.7353,67896.04,767899,4,16.0,1976,1
123,3214,2000,162292.7353,53191.74,643670,2,12.0,2860,0
124,3890,2002,8487.004512000001,115180.8,548817,4,18.0,2600,1
125,772,1993,8487.004512000001,51320.88,978633,1,12.0,3514,0
126,5067,2002,8487.004512000001,112755.9,550125,1,16.0,2080,0
127,5095,2010,8487.004512000001,20000.0,678363,3,20.0,2080,1
128,3015,2012,8487.004512000001,326578.3,818603,4,14.0,2652,1
129,1357,2008,8487.004512000001,40524.41,856685,3,12.0,2600,1
130,4611,1994,8487.004512000001,40524.41,694350,5,16.0,3120,1
131,1501,2008,8487.004512000001,89153.69,839586,6,17.0,2340,1
132,1501,2006,8487.004512000001,64917.09,877349,6,17.0,2335,1
133,468,2002,8487.004512000001,92144.62,769439,5,16.0,2288,1
134,5206,2000,8487.004512000001,79787.61,681466,1,13.0,3255,0
135,1630,1996,8487.004512000001,54915.92,551983,3,15.0,2496,1
136,1182,1987,8487.004512000001,30710.33,698260,1,17.0,2110,0
137,2025,1996,8487.004512000001,192935.6,719480,4,13.0,3380,1
138,565,2014,8487.004512000001,119763.8,1074126,1,13.0,2350,0
139,12018,2002,8487.004512000001,42435.02,752251,3,12.0,2392,0
140,3653,1986,8487.004512000001,56660.16,624697,1,12.0,2546,0
141,960,2004,8487.004512000001,306993.9,678106,4,15.0,3120,1
142,5358,1989,8487.004512000001,56304.01,120481,2,14.0,2720,1
143,883,2008,8487.004512000001,32419.52,711081,3,15.0,2080,0
144,2499,1992,8487.004512000001,32419.52,535098,4,9.0,3040,1
145,3351,1986,8487.004512000001,25844.98,544091,1,15.0,1428,0
146,883,1989,8487.004512000001,35190.01,609851,1,15.0,2664,0
147,5398,2010,40000.0,312324.0,579291,6,16.0,2340,1
148,5626,2012,20896.14902,104480.7,728903,4,12.0,2184,1
149,9418,2002,121242.9216,286133.3,149224,4,17.0,2600,1
150,1368,2004,9235.22535,43867.32,639181,2,16.0,3380,1
151,5859,1986,9235.22535,39761.52,78121,4,16.0,2208,1
152,961,2014,9235.22535,133582.7,644395,1,16.0,2340,0
153,4421,2014,1381.889619,64488.18,762781,3,18.0,1440,1
154,2048,1986,1381.889619,59244.66,730330,1,16.0,2340,0
155,6455,1993,1381.889619,13584.94,154826,5,17.0,1783,1
156,12023,2000,1381.889619,73455.27,630321,2,17.0,2600,1
157,2421,2002,1818.643824,37585.3,767465,3,12.0,3380,1
158,5859,1988,1818.643824,36876.09,77458,5,16.0,2144,1
159,9720,1986,1818.643824,41749.59,96265,3,14.0,3236,1
160,5824,1992,1818.643824,28753.93,226480,4,12.0,2630,1
161,3653,1994,1818.643824,55907.49,676790,2,12.0,2302,0
162,3878,2012,1818.643824,28494.75,769128,1,14.0,780,0
163,1102,1986,1818.643824,85723.84,948151,1,14.0,2180,0
164,3750,1993,1818.643824,31698.19,481190,4,12.0,3814,0
165,888,1998,1818.643824,66891.2,901706,4,12.0,2652,1
166,1496,1998,1818.643824,72242.49,797715,4,16.0,1560,1
167,4332,1992,1818.643824,23935.7,581395,1,16.0,2184,0
168,9424,2012,1818.643824,94982.49,101755,1,13.0,2496,0
169,4603,1996,1818.643824,90367.98,576304,2,12.0,2860,1
170,2964,2014,1818.643824,82913.38,739969,4,16.0,2600,1
171,1795,2002,1818.643824,121242.9,702072,2,20.0,2600,1
172,11876,2000,1818.643824,25329.4,517443,3,12.0,780,1
173,5366,2002,1818.643824,35160.45,672848,4,12.0,2860,1
174,1005,1996,1818.643824,35160.45,745220,3,12.0,2080,0
175,1636,1991,1818.643824,51249.07,465825,2,12.0,2665,0
176,4694,1996,1818.643824,34756.91,676406,4,15.0,578,1
177,5420,2004,23088.06338,121212.3,528985,5,16.0,2340,1
178,878,2004,23088.06338,115440.3,778857,1,12.0,2080,0
179,8976,1992,23088.06338,38856.66,137850,4,12.0,2860,1
180,5420,2006,37868.3049,135244.0,520918,5,16.0,2704,1
181,1986,1996,37868.3049,29195.81,539680,5,14.0,1300,1
182,3750,1994,37868.3049,26482.5,497130,4,12.0,3042,0
183,5335,1988,37868.3049,33188.48,649048,4,12.0,2600,1
184,3646,1988,37868.3049,46095.12,712266,3,10.0,2080,0
185,4689,1986,37868.3049,46095.12,458514,1,16.0,3120,0
186,1924,1990,37868.3049,56748.03,544439,1,12.0,2505,0
187,7160,1998,37868.3049,23411.92,201724,6,14.0,1872,0
188,5102,1994,37868.3049,67677.49,609970,1,14.0,2340,0
189,7515,1991,37868.3049,27226.07,131627,1,14.0,2080,0
190,8560,1993,37868.3049,30943.47,263049,5,12.0,2476,0
191,878,2006,37868.3049,54097.58,804792,1,12.0,520,0
192,2014,2000,37868.3049,34194.69,598708,4,12.0,2080,1
193,1667,1992,37868.3049,46627.99,549214,3,11.0,2080,1
194,1218,1996,37868.3049,62562.44,220562,2,13.0,2080,1
195,3359,2008,37868.3049,25327.75,685785,3,15.0,850,0
196,8217,2002,37868.3049,84870.05,102513,3,19.0,2600,1
197,3582,2014,3224.40911,341155.4,675089,2,18.0,2860,1
198,2162,1991,3224.40911,19218.4,539351,2,14.0,2221,1
199,4407,2008,162097.6188,311858.6,779211,1,16.0,2340,0
200,4488,1998,162097.6188,64215.55,632036,1,13.0,3448,0
201,1656,1989,162097.6188,26392.51,705939,6,12.0,1970,1
202,1268,2004,162097.6188,95815.46,797875,5,16.0,2600,1
203,8224,1992,162097.6188,57507.86,129401,1,12.0,2840,0
204,441,2000,162097.6188,37994.1,574889,2,12.0,2520,1
205,3196,1989,162097.6188,61582.51,748612,1,12.0,3393,0
206,8721,1986,162097.6188,31530.88,56878,2,12.0,2600,1
207,2964,2002,162097.6188,109118.6,668208,3,16.0,2080,1
208,5626,2008,20262.20235,76996.37,642519,3,12.0,2184,1
209,5670,1988,20262.20235,22125.66,459827,1,18.0,1680,0
210,2119,1993,20262.20235,36226.5,617978,5,12.0,2250,1
211,1023,2012,20262.20235,56989.5,722570,1,16.0,2600,0
212,2220,2012,3324.387343,103056.0,921915,3,16.0,2496,1
213,9690,1988,3324.387343,9219.023,90054,1,13.0,2080,0
214,4532,1994,3324.387343,149557.0,144471,2,16.0,2080,1
215,8458,1986,3324.387343,18091.49,107290,1,12.0,2145,0
216,12163,2008,12157.32141,121573.2,324096,3,16.0,2600,1
217,8136,1989,12157.32141,73899.02,124065,2,16.0,2290,1
218,1229,2014,12157.32141,70937.0,784003,2,12.0,2080,1
219,868,1989,12157.32141,21817.8,703196,1,13.0,3252,0
220,148,2010,12157.32141,43000.0,643992,2,12.0,2496,0
221,5646,2008,12157.32141,18235.98,180131,2,12.0,1600,0
222,3134,1990,12157.32141,24201.37,764097,3,12.0,1840,0
223,5015,1986,12157.32141,19880.76,506707,3,12.0,2220,1
224,7603,1990,12157.32141,54244.44,213534,2,18.0,1075,1
225,255,1990,12157.32141,13352.48,627293,5,12.0,782,1
226,1924,1992,12157.32141,59062.12,545433,1,12.0,2321,0
227,3538,1987,12157.32141,47217.14,260213,2,12.0,1898,0
228,799,2004,12157.32141,64646.58,713057,5,12.0,2040,1
229,1501,2002,12157.32141,58196.6,828604,6,17.0,2808,1
230,218,2004,12157.32141,306993.9,975653,4,16.0,2340,1
231,5191,1994,12157.32141,29719.25,598112,1,14.0,2080,0
232,2073,1988,12157.32141,9257.743,649712,3,12.0,2290,1
233,6750,1987,12157.32141,38771.8,121278,1,16.0,2080,0
234,6094,2010,3000.0,40000.0,343310,4,14.0,2600,0
235,1635,1991,3000.0,28667.45,465825,1,12.0,2080,0
236,4633,1985,3000.0,28374.2,701510,2,13.0,2092,1
237,457,1988,3000.0,51626.53,548508,3,16.0,2600,1
238,1174,1993,3000.0,6188.694,822146,4,16.0,2080,1
239,6337,1994,3000.0,6188.694,185567,3,15.0,1840,0
240,4939,1994,3000.0,33838.75,620098,2,16.0,2150,1
241,5746,1990,3000.0,35050.25,115839,4,12.0,2288,1
242,1714,1988,3000.0,27657.07,211468,3,14.0,2080,0
243,2872,2010,250000.0,312324.0,669576,2,14.0,3432,1
244,4694,1985,250000.0,40534.57,590422,1,15.0,2380,0
245,3380,2008,250000.0,121573.2,658482,3,14.0,2392,1
246,6738,1994,250000.0,34280.12,93194,3,12.0,2605,1
247,3534,1989,250000.0,82696.52,124470,2,16.0,3142,1
248,3196,1996,250000.0,75074.93,813306,1,12.0,2860,0
249,259,1996,250000.0,22939.56,717502,1,12.0,2748,1
250,4027,1988,250000.0,23969.46,612436,2,13.0,2380,1
251,3762,1996,250000.0,41708.3,534510,1,12.0,3380,0
252,4592,2006,250000.0,51933.68,538056,3,17.0,2600,0
253,1513,1989,250000.0,24633.01,757252,1,12.0,1152,0
254,259,2000,250000.0,32294.99,772836,3,12.0,2807,1
255,6738,1989,250000.0,56304.01,90390,3,12.0,3120,0
256,6544,1988,250000.0,61767.46,117846,5,16.0,2844,1
257,120,2000,250000.0,75988.2,603978,1,16.0,3120,0
258,3914,1994,250000.0,51493.74,535636,2,12.0,4274,1
259,3471,2002,250000.0,36372.88,551195,5,12.0,3120,1
260,3897,1998,250000.0,116390.7,503823,1,17.0,2340,0
261,2438,1988,250000.0,44251.31,542387,4,17.0,2950,1
262,2360,2012,2849.474866,37993.0,158097,1,17.0,2600,0
263,2438,1991,2849.474866,73670.54,547804,5,17.0,2884,1
264,12436,1990,2849.474866,67596.91,68758,3,12.0,2928,1
265,8908,1985,2849.474866,28374.2,87339,3,12.0,2867,1
266,6337,2000,2849.474866,18997.05,219120,2,15.0,2496,0
267,891,1998,2849.474866,69566.84,692539,1,12.0,2080,0
268,5746,1994,2849.474866,26482.5,109527,5,12.0,2045,1
269,1601,2008,2849.474866,311858.6,569179,4,16.0,2704,1
270,740,1996,2849.474866,28778.72,579757,2,14.0,2444,0
271,3134,1988,2849.474866,22125.66,767225,3,12.0,1960,0
272,2481,1996,2849.474866,13902.76,680743,5,8.0,1704,1
273,862,1988,2849.474866,9219.023,610147,4,11.0,675,1
274,960,2006,2849.474866,162292.7,711896,4,15.0,3120,1
275,960,2008,2849.474866,151966.5,667615,4,15.0,3120,1
276,582,2002,2849.474866,52134.46,856957,2,16.0,3120,0
277,2151,1996,2849.474866,87587.42,583046,2,13.0,2860,1
278,920,2000,2849.474866,119048.2,528608,1,16.0,2340,0
279,1142,2012,2849.474866,128226.4,224267,2,16.0,2615,1
280,3848,1989,2849.474866,54544.51,487933,3,16.0,2370,1
281,32,1993,2849.474866,45283.13,135994,2,18.0,2600,1
282,7077,2000,2849.474866,40527.04,145252,4,12.0,2600,0
283,1005,1994,2849.474866,20597.5,680482,3,12.0,1696,0
284,3645,1990,2849.474866,123982.8,704792,4,13.0,2690,1
285,8621,2004,2849.474866,18470.45,226854,3,12.0,2400,1
286,883,2006,2849.474866,32458.55,708282,1,15.0,2080,0
287,941,2012,2849.474866,47491.25,932559,5,13.0,520,1
288,872,2014,26716.53262,341155.4,845953,2,16.0,2860,1
289,10352,1990,26716.53262,58417.09,112048,3,14.0,2568,1
290,9387,1998,26716.53262,62877.72,103077,4,12.0,3120,1
291,5540,1992,26716.53262,48182.26,525096,3,14.0,2730,1
292,4822,1986,26716.53262,19880.76,544480,1,12.0,2138,0
293,988,1986,26716.53262,11928.45,149797,2,12.0,1560,0
294,9,2010,26716.53262,52000.0,858402,4,14.0,2600,1
295,779,1996,26716.53262,20854.15,675878,2,14.0,2200,0
296,9876,1996,26716.53262,93148.52,127660,4,13.0,3380,1
297,6544,1985,26716.53262,46614.76,112367,5,16.0,2496,1
298,171,1989,26716.53262,43987.51,559836,2,16.0,2080,1
299,7420,1989,26716.53262,48562.21,195489,4,13.0,2340,1
300,9400,1989,26716.53262,33430.51,65568,3,15.0,3851,1
301,3886,2002,6062.14608,115180.8,582242,4,17.0,2340,1
302,3205,1989,6062.14608,35190.01,773988,1,16.0,2800,0
303,285,1989,6062.14608,23225.4,101681,4,10.0,1636,1
304,11851,2006,6062.14608,86556.13,735480,1,14.0,2340,0
305,1857,1993,6062.14608,33207.63,875808,1,12.0,2080,0
306,503,2002,6062.14608,23036.15,522532,5,12.0,2860,1
307,934,1990,6062.14608,38388.37,715176,3,16.0,2582,1
308,141,2002,1212.429216,64258.75,551250,1,18.0,2600,0
309,671,2004,1212.429216,8080.821999999999,194265,6,16.0,3960,1
310,8560,1990,1212.429216,25202.8,262611,4,12.0,2580,0
311,960,1989,1212.429216,52785.01,563767,1,15.0,2062,0
312,2964,2008,1212.429216,75983.26,667065,4,16.0,2184,1
313,3750,1989,1212.429216,24633.01,476939,5,12.0,2539,0
314,2938,1996,1212.429216,18073.59,584472,3,13.0,780,1
315,8908,1996,1212.429216,29195.81,103184,3,12.0,3180,1
316,4932,1998,1212.429216,34783.42,780531,4,12.0,2600,1
317,6931,2004,1212.429216,23088.06,345904,2,12.0,3120,0
318,1005,1993,1212.429216,22641.56,666137,3,12.0,1464,0
319,3086,1996,1212.429216,104270.7,750666,4,16.0,2340,1
320,11963,2014,1212.429216,341155.4,1166640,4,16.0,2080,1
321,5751,1986,1212.429216,27833.06,86358,1,12.0,2080,0
322,686,1990,1212.429216,31712.13,531053,1,18.0,1160,0
323,5223,1990,1212.429216,38388.37,581544,3,12.0,2511,1
324,10549,2000,1212.429216,5623.127,118629,1,16.0,1240,0
325,9847,2002,1212.429216,84870.05,100052,1,19.0,2340,0
326,4244,2012,1212.429216,150042.0,685633,5,18.0,3120,1
327,6750,1986,1212.429216,25844.98,117496,1,16.0,1160,0
328,3214,1992,1212.429216,35748.13,593549,2,12.0,2860,1
329,1855,1987,1212.429216,29750.63,738984,2,11.0,2303,0
330,3278,1994,1212.429216,100045.0,576540,3,19.0,2259,1
331,1093,2002,1212.429216,50922.03,748430,5,16.0,2704,1
332,779,1992,1212.429216,46627.99,642991,5,14.0,2876,1
333,9783,1989,1212.429216,36773.56,101527,4,12.0,2302,0
334,772,1990,1212.429216,61755.21,964624,1,12.0,3272,0
335,570,1992,1212.429216,38856.66,739984,3,12.0,3120,1
336,5039,2006,2163.903137,86556.13,658014,3,18.0,2600,1
337,3762,1992,2163.903137,38856.66,501470,4,12.0,2511,1
338,269,2008,25327.75294,311858.6,815977,6,16.0,2340,1
339,3196,1991,25327.75294,67264.41,770264,1,12.0,3310,0
340,813,1987,25327.75294,15355.17,762017,1,20.0,1320,0
341,223,1998,25327.75294,60202.07,262035,10,9.0,2080,0
342,1473,1988,25327.75294,105325.5,679875,5,12.0,2646,0
343,3380,2014,25327.75294,82913.38,735372,2,14.0,2652,1
344,2032,2000,25327.75294,35461.16,627305,3,12.0,3005,0
345,2088,1996,25327.75294,30586.08,514161,4,14.0,2660,1
346,3974,2002,25327.75294,33948.02,316311,3,13.0,4912,0
347,3984,1996,25327.75294,100099.9,887484,2,16.0,3640,1
348,566,1992,25327.75294,34349.29,564325,1,12.0,1826,0
349,2285,2012,949.8249552,94982.49,920165,3,20.0,2184,1
350,2400,1990,949.8249552,23033.02,486844,1,12.0,1945,0
351,1229,2008,949.8249552,73957.04,674888,2,12.0,2080,1
352,2187,1992,949.8249552,43519.46,586995,3,13.0,2700,0
353,4808,2014,1105.511695,71397.63,646185,3,12.0,2340,1
354,1143,1987,1105.511695,67178.85,724831,4,16.0,2280,0
355,9744,1986,1105.511695,49701.89,79722,2,16.0,2552,1
356,1143,1994,1105.511695,149557.0,757880,2,16.0,2580,1
357,11920,2008,86114.35998,311858.6,614144,4,16.0,2184,1
358,1636,1992,86114.35998,43519.46,462659,2,12.0,2871,0
359,4773,2002,86114.35998,12124.29,610205,4,7.0,2600,1
360,4603,1993,86114.35998,84528.51,552034,2,12.0,2509,1
361,1143,1986,86114.35998,39761.52,699545,5,16.0,2120,0
362,39,2006,6491.709412,72490.76,988361,3,12.0,3130,1
363,3874,1993,6491.709412,93585.13,548446,4,16.0,2860,1
364,1635,1993,6491.709412,30120.83,467314,1,12.0,2080,0
365,569,1993,6491.709412,27169.88,680470,2,12.0,3300,0
366,357,1989,6491.709412,45747.01,635511,1,16.0,2482,0
367,4986,2006,6491.709412,302747.4,916013,3,12.0,4180,1
368,9,2008,6491.709412,50655.51,821974,4,14.0,2600,1
369,5701,2014,23952.75339,165826.8,663622,2,17.0,2600,1
370,12189,2014,23952.75339,61201.13,271469,1,12.0,2290,0
371,2049,1996,23952.75339,34756.91,521046,3,16.0,2340,1
372,3533,1993,23952.75339,152374.7,1118958,4,14.0,2568,1
373,1606,1994,23952.75339,44137.49,544171,4,12.0,2480,1
374,3505,2000,23952.75339,96251.72,688973,4,12.0,2860,1
375,570,1989,23952.75339,52785.01,719909,2,12.0,3326,1
376,7887,1988,23952.75339,49782.73,130289,4,12.0,2288,1
377,1848,1987,23952.75339,28790.94,123256,3,13.0,2080,1
378,195,2004,23952.75339,306993.9,766936,5,18.0,2600,1
379,7475,1988,23952.75339,39641.8,185193,2,16.0,2496,1
380,5724,1998,23952.75339,40134.72,290380,3,11.0,1976,1
381,3910,2006,23952.75339,43278.06,767999,4,16.0,2080,1
382,4705,1993,23952.75339,93585.13,475514,1,16.0,3720,0
383,827,2014,87519.67584,341155.4,1011114,3,20.0,2310,1
384,3487,1989,87519.67584,23753.25,533219,5,12.0,1377,1
385,11,1989,87519.67584,80937.02,817792,1,16.0,3120,0
386,3142,2004,5772.015844,109668.3,581453,6,18.0,2860,1
387,1641,1993,5772.015844,30188.75,146208,5,12.0,2201,1
388,3380,2012,5772.015844,87383.9,738874,2,14.0,2392,1
389,77,2002,7274.575295999999,82445.19,787564,1,16.0,2340,0
390,3463,1994,7274.575295999999,35310.0,518297,4,16.0,2080,0
391,1631,2012,21845.97397,142473.8,627269,1,16.0,2496,0
392,2239,2010,21845.97397,150000.0,565099,1,16.0,2080,0
393,3171,1991,21845.97397,130494.5,396756,1,18.0,2322,0
394,4297,2000,21845.97397,101317.6,538152,5,13.0,3120,1
395,573,1989,21845.97397,31671.01,763535,2,17.0,2080,1
396,12249,1986,21845.97397,36282.38,158410,2,16.0,2080,1
397,2637,1987,21845.97397,113987.2,499585,1,16.0,2600,0
398,1631,2008,24314.64282,155005.8,582208,1,16.0,3120,0
399,4495,1988,24314.64282,51626.53,602680,1,12.0,1864,0
400,126,1987,24314.64282,50656.7,739053,4,14.0,2941,1
401,9884,2010,24314.64282,27000.0,83980,4,12.0,1880,1
402,5091,1991,24314.64282,29628.37,629015,2,16.0,2187,1
403,1630,1993,24314.64282,49811.44,527816,2,15.0,3064,1
404,1630,1992,24314.64282,41654.34,529065,2,15.0,3120,1
405,6110,2000,24314.64282,69655.85,217882,1,16.0,2600,0
406,799,2010,24314.64282,63400.0,734410,5,12.0,2340,1
407,8959,2002,24314.64282,26673.44,112649,4,11.0,3360,1
408,528,2008,26340.86305,98271.68,628550,1,12.0,3640,0
409,6353,1991,26340.86305,17777.02,107326,2,13.0,2460,0
410,5669,1993,26340.86305,69434.13,563974,2,12.0,2080,0
411,4508,1994,26340.86305,63549.16,732999,1,16.0,2200,0
412,799,2006,26340.86305,57343.43,734875,5,12.0,2424,1
413,2215,1996,26340.86305,26415.25,524898,3,12.0,2100,1
414,7720,1998,26340.86305,93647.67,364214,5,17.0,3016,1
415,3278,1986,26340.86305,48707.86,123129,1,19.0,2152,0
416,39,2014,26340.86305,59881.88,1227842,3,12.0,2600,1
417,8203,1986,26340.86305,85723.84,123392,6,14.0,2250,1
418,6353,1986,26340.86305,13916.53,104251,2,13.0,2080,0
419,4819,1986,26340.86305,29423.52,514549,1,12.0,2080,0
420,772,1992,26340.86305,55953.59,955261,1,12.0,3536,0
421,772,1991,26340.86305,56053.67,956375,1,12.0,3434,0
422,3294,2002,6062.14608,118818.1,584518,1,18.0,2080,0
423,4871,1987,6062.14608,34549.13,436110,2,16.0,2080,1
424,1301,1991,6062.14608,8007.666999999998,632368,3,12.0,2156,0
425,3580,1988,6062.14608,25075.74,651166,2,12.0,2058,1
426,3381,2014,6062.14608,73700.78,789481,2,12.0,2600,1
427,3956,1989,6062.14608,50145.76,174136,1,13.0,2860,0
428,5419,2008,18235.98211,99284.79,608503,5,17.0,2600,1
429,827,2006,43278.06275,302747.4,1000877,4,20.0,2254,1
430,220,2002,3879.773491,112755.9,1031963,2,20.0,1820,1
431,796,2000,3879.773491,78521.14,666805,4,16.0,2080,1
432,5024,1987,3879.773491,51823.69,703599,1,12.0,3230,0
433,1062,2008,3879.773491,151966.5,890538,2,12.0,3016,0
434,9373,2014,3879.773491,92125.98,164580,2,16.0,3120,1
435,4702,2014,3879.773491,97653.53,679854,4,14.0,2695,1
436,63,1996,3879.773491,94538.8,620151,4,16.0,3016,1
437,5160,2006,3879.773491,70326.85,853934,3,12.0,1820,1
438,1357,2006,3879.773491,41114.16,860191,3,12.0,2080,1
439,961,1994,3879.773491,67677.49,459992,2,16.0,2080,1
440,1857,1994,3879.773491,35310.0,898682,1,12.0,2080,0
441,695,1996,3879.773491,44488.85,611841,4,12.0,3120,1
442,872,2004,28860.07922,155844.4,754977,3,16.0,2600,1
443,8379,2002,28860.07922,58196.6,181647,5,16.0,2860,1
444,1327,1998,28860.07922,16053.89,546014,4,12.0,2132,1
445,12069,2014,28860.07922,16582.68,738083,4,20.0,2690,1
446,3900,2000,28860.07922,37994.1,659881,1,12.0,2392,0
447,581,1989,28860.07922,70380.02,948557,1,12.0,2741,0
448,2513,2002,28860.07922,14549.15,723549,3,12.0,1875,1
449,5755,2002,28860.07922,41222.59,85463,1,12.0,2080,0
450,1515,2012,28860.07922,326578.3,766652,3,12.0,3016,1
451,32,1984,28860.07922,20982.36,129534,2,16.0,2168,0
452,6455,1996,28860.07922,13833.25,155555,5,17.0,1664,1
453,9418,2006,28860.07922,302747.4,145417,4,17.0,2500,1
454,2842,2006,14065.37039,101703.4,1212196,1,14.0,2600,0
455,2360,2014,4606.298728,45602.36,165272,1,17.0,2340,0
456,4350,1986,4606.298728,13916.53,666886,2,16.0,1796,1
457,8908,1993,4606.298728,36226.5,98188,3,12.0,2816,1
458,4596,1998,4606.298728,113715.0,954681,4,12.0,3120,1
459,4318,1989,4606.298728,56304.01,103935,4,14.0,2410,0
460,364,2000,4606.298728,107650.0,728218,4,16.0,2860,1
461,457,1998,4606.298728,58864.25,587243,3,16.0,2600,1
462,21,1987,4606.298728,35508.82,644318,1,16.0,2265,0
463,5226,2008,25327.75294,111442.1,712430,5,16.0,2756,1
464,1513,1991,25327.75294,43241.4,764736,1,12.0,2080,0
465,9710,1986,25327.75294,35785.36,104874,1,13.0,2194,0
466,1606,1993,25327.75294,45283.13,536663,3,12.0,2220,1
467,2235,2000,25327.75294,72188.79,571073,4,15.0,2094,1
468,7617,2000,25327.75294,72188.79,172651,4,12.0,2080,1
469,2191,1998,25327.75294,37459.07,821073,3,12.0,2598,1
470,4111,2002,25327.75294,78807.9,593024,3,11.0,2600,1
471,8670,1994,25327.75294,55907.49,102384,1,16.0,2340,0
472,5128,2002,606.214608,24248.58,539102,1,11.0,2340,0
473,4892,1990,606.214608,63424.27,528108,4,16.0,2740,1
474,7887,1990,606.214608,50238.7,133070,4,12.0,2411,1
475,1607,1991,606.214608,22901.93,575513,2,12.0,2175,1
476,5263,1984,606.214608,35670.02,150827,2,14.0,2080,1
477,3421,2008,606.214608,106376.6,592750,2,13.0,1215,0
478,320,2002,606.214608,96994.34,837263,4,12.0,3080,1
479,6110,1984,606.214608,29375.31,183846,1,16.0,2015,0
480,520,2008,17222.872,81048.81,238192,6,16.0,3120,1
481,6518,2000,17222.872,88652.9,111142,1,18.0,1800,0
482,667,1998,17222.872,53512.96,581222,5,14.0,2600,1
483,2073,1990,17222.872,17615.26,665290,4,12.0,2040,1
484,4014,2004,1154.403169,57720.16,690466,4,12.0,2600,1
485,8862,1993,1154.403169,37735.94,121328,2,16.0,2120,1
486,11960,2006,1154.403169,21639.03,185119,5,17.0,2080,1
487,4588,1985,1154.403169,41345.27,526352,5,9.0,2080,1
488,4944,1986,1154.403169,19880.76,789160,1,16.0,4013,0
489,1603,1998,1154.403169,34783.42,696291,4,17.0,2970,1
490,667,2002,5455.931472,66683.61,608460,5,14.0,2444,1
491,4086,1986,5455.931472,21868.83,617445,4,16.0,2080,0
492,3228,1990,5455.931472,42561.02,497239,1,16.0,2399,0
493,1174,1996,5455.931472,192935.6,882015,4,16.0,2184,1
494,2032,1994,5455.931472,32367.5,572154,4,12.0,2269,1
495,12396,1984,5455.931472,28326.19,266905,2,14.0,2635,1
496,2831,1988,5455.931472,33188.48,678864,1,12.0,2049,0
497,210,1993,5455.931472,46792.57,477391,1,16.0,1980,0
498,1108,1984,5455.931472,31473.55,786358,1,11.0,1734,0
499,7099,2002,3637.287648,113968.3,215820,4,18.0,2080,1
500,6750,1988,3637.287648,42407.51,126404,1,16.0,2545,0
501,2019,2002,3637.287648,42407.51,855442,4,16.0,4160,1
502,2437,1990,3637.287648,53409.91,498292,2,14.0,2805,1
503,1606,1984,3637.287648,25178.84,525418,2,12.0,1900,1
504,796,1987,3637.287648,53743.08,606990,2,16.0,2080,1
505,972,1990,3637.287648,28374.01,488164,2,12.0,2080,0
506,4049,1998,3637.287648,26756.48,592109,6,11.0,2080,1
507,2437,1986,3637.287648,34791.32,504049,2,14.0,2565,1
508,2047,2008,3637.287648,45589.96,978999,1,13.0,2860,0
509,344,1986,3637.287648,35188.94,505082,3,16.0,2020,0
510,2724,1994,3637.287648,89746.23,554698,3,17.0,4450,1
511,1143,1985,3637.287648,30400.93,687756,6,16.0,2326,0
512,4281,2000,3637.287648,67122.91,690025,1,12.0,3120,0
513,940,2004,3637.287648,67122.91,633428,3,12.0,2080,1
514,12156,1992,3637.287648,54399.32,81403,1,16.0,2080,0
515,4569,1990,3637.287648,65093.33,156946,4,12.0,2676,1
516,4340,1994,3637.287648,42666.24,140678,1,11.0,2288,0
517,3062,1986,3637.287648,85723.84,732850,1,16.0,2080,0
518,1510,1992,3637.287648,20205.46,691039,2,16.0,2080,0
519,5097,1993,3637.287648,60377.5,622342,1,12.0,2860,0
520,8908,1992,3637.287648,27976.79,94220,3,12.0,2912,1
521,4289,2012,3637.287648,326578.3,520533,4,20.0,2600,1
522,1889,1993,3637.287648,24905.72,510336,1,13.0,2655,0
523,3022,1989,3637.287648,58063.51,663696,1,16.0,2295,0
524,246,1990,3637.287648,50071.79,624488,2,17.0,2500,1
525,4303,2002,3637.287648,50922.03,539307,3,12.0,2250,1
526,9829,1987,3637.287648,42226.71,71808,2,12.0,2544,1
527,3205,1991,3637.287648,41639.87,783965,1,16.0,2320,0
528,2815,1992,3637.287648,35748.13,560922,4,13.0,2740,1
529,4750,2008,3637.287648,35748.13,747443,3,12.0,2600,1
530,4508,1993,3637.287648,60377.5,729839,1,16.0,2319,0
531,5660,1990,3637.287648,55078.97,622315,1,12.0,2398,0
532,2010,2002,12124.29216,133367.2,919707,4,19.0,2340,1
533,9876,1993,12124.29216,61886.94,119196,4,13.0,3440,1
534,9,2004,12124.29216,63492.18,833444,4,14.0,2600,1
535,3830,2014,12124.29216,41456.69,648984,3,12.0,2600,1
536,8863,1988,12124.29216,39457.42,85940,4,13.0,2964,1
537,11920,2010,70000.0,312324.0,641362,4,16.0,2184,1
538,3932,1988,70000.0,36619.8,174927,1,12.0,2080,0
539,1023,2006,70000.0,86556.13,819040,4,16.0,2600,1
540,4892,1994,70000.0,57378.74,515156,4,16.0,2750,1
541,883,2010,70000.0,36000.0,709902,3,15.0,2756,0
542,9,1988,70000.0,33188.48,691916,2,13.0,2600,1
543,883,1994,70000.0,63263.74,617872,1,15.0,2510,0
544,4989,1992,70000.0,66833.45,502020,2,16.0,3263,1
545,4611,2004,70000.0,66833.45,854939,4,16.0,3640,0
546,17,1984,70000.0,37768.25,988990,2,13.0,2340,0
547,4247,2006,70000.0,97375.64,578798,4,13.0,2600,1
548,9373,1985,70000.0,26347.47,131863,4,16.0,3570,0
549,1868,1984,70000.0,17835.01,647590,4,13.0,2510,1
550,2630,1996,70000.0,94538.8,521785,2,17.0,2600,1
551,1125,1994,70000.0,58849.99,124983,3,13.0,2808,1
552,695,1991,70000.0,40839.1,583801,1,12.0,2815,0
553,695,1992,70000.0,44918.3,573176,1,12.0,2644,0
554,6861,1991,70000.0,14413.8,191935,1,12.0,1236,0
555,4247,2012,70000.0,18996.5,605252,1,14.0,1248,0
556,7260,1998,70000.0,66891.2,197934,6,15.0,2600,0
557,9847,2008,70000.0,121573.2,93286,1,19.0,2132,0
558,3381,2012,70000.0,74086.34,719915,3,12.0,2600,1
559,2833,1991,70000.0,40038.34,797552,4,12.0,2080,1
560,729,1998,70000.0,197957.8,791540,5,12.0,3328,1
561,12103,1994,70000.0,61792.49,154926,5,10.0,2635,1
562,2870,1989,70000.0,54544.51,594983,3,15.0,2760,0
563,2151,1998,70000.0,73580.31,593299,2,13.0,2600,1
564,4944,1992,70000.0,54399.32,793628,4,16.0,3380,1
565,2451,1994,70000.0,39576.62,605836,2,12.0,3141,1
566,4470,1991,70000.0,22421.47,445172,2,13.0,1920,1
567,4407,2004,8658.023766,306993.9,791456,1,16.0,2496,0
568,565,2012,11397.89946,85484.24,1054737,1,13.0,2496,0
569,2323,1994,11397.89946,36781.25,475106,1,16.0,2570,0
570,4508,1989,11397.89946,61582.51,166284,1,16.0,2456,0
571,3134,1991,11397.89946,22421.47,758488,3,12.0,1840,0
572,6227,1993,11397.89946,30188.75,158518,7,13.0,2363,0
573,4989,1991,11397.89946,40038.34,500484,2,16.0,1730,1
574,1102,2012,37992.99821000001,326578.3,1365061,5,15.0,2600,1
575,12189,2010,37992.99821000001,32400.0,244877,1,12.0,2080,0
576,3147,1984,37992.99821000001,41964.73,546223,1,16.0,2530,0
577,4500,1991,37992.99821000001,16015.33,397203,4,14.0,1820,0
578,3676,2002,1818.643824,87294.91,726318,3,16.0,2600,1
579,1950,1989,1818.643824,42228.01,557976,2,14.0,2978,0
580,4495,1992,1818.643824,46627.99,586686,1,12.0,2080,0
581,6993,2000,1818.643824,15197.64,252326,3,12.0,3432,1
582,2115,2010,1818.643824,15197.64,715319,1,12.0,1456,0
583,4668,2006,1818.643824,302747.4,645236,4,16.0,3172,1
584,1515,2010,1818.643824,312324.0,728088,4,12.0,2860,1
585,4398,1993,1818.643824,69434.13,1289369,4,11.0,2140,0
586,8036,1988,1818.643824,9219.023,134139,3,12.0,1080,0
587,2151,1994,1818.643824,27953.75,557699,2,13.0,2605,1
588,5565,2006,1818.643824,38950.26,712227,4,16.0,2860,1
589,10038,2012,1818.643824,56989.5,181807,2,15.0,1040,1
590,3095,2000,1818.643824,37994.1,730212,3,12.0,3120,0
591,822,1994,1818.643824,88274.98,901776,4,12.0,2550,1
592,281,1994,1818.643824,80918.74,632728,2,18.0,2392,1
593,4856,2002,9699.433728,78807.9,500602,3,14.0,2080,1
594,3905,2000,9699.433728,78807.9,619342,4,12.0,975,1
595,3169,2002,424350.2256,286133.3,734098,4,16.0,2288,1
596,327,1985,424350.2256,36481.12,697689,2,16.0,2080,1
597,2868,1991,424350.2256,72069.01,699965,4,16.0,2747,1
598,1195,1989,424350.2256,52785.01,144286,1,16.0,3620,0
599,2038,2002,12124.29216,286133.3,579033,6,18.0,2184,1
600,4939,1998,12124.29216,40228.36,663634,2,16.0,2600,1
601,11834,1994,12124.29216,26482.5,788847,1,9.0,2288,0
602,5091,1992,12124.29216,29499.98,636791,2,17.0,2120,1
603,10481,2006,12124.29216,302747.4,118418,2,12.0,2600,0
604,218,2006,12124.29216,302747.4,1009219,4,16.0,2340,1
605,4925,1994,12124.29216,53553.49,503330,4,12.0,2656,1
606,4924,1989,12124.29216,28503.91,545654,1,13.0,2080,0
607,1218,1990,12124.29216,63424.27,208805,2,13.0,1989,1
608,3687,1990,12124.29216,35050.25,473920,2,16.0,2050,1
609,7564,1985,12124.29216,40534.57,179059,1,16.0,2570,0
610,5660,1991,12124.29216,52850.61,587082,1,12.0,2416,0
611,8943,2000,12124.29216,88652.9,135779,5,13.0,2600,1
612,3137,1986,12124.29216,52684.01,571122,3,18.0,2080,0
613,4911,2002,12124.29216,72745.75,591462,3,12.0,3640,0
614,4941,2002,12124.29216,5455.932,540733,3,7.0,1040,1
615,7748,2004,12124.29216,103896.3,93227,5,14.0,4420,1
616,1868,1985,12124.29216,35467.75,642761,3,13.0,2920,0
617,7708,2002,12124.29216,118818.1,147720,2,16.0,2080,0
618,2015,1994,12124.29216,20597.5,591900,3,13.0,2080,1
619,2220,2010,12124.29216,89000.0,873647,4,16.0,2600,1
620,7475,1992,12124.29216,38856.66,186964,3,16.0,2232,1
621,4829,2004,2308.806338,124675.5,531003,3,16.0,2600,1
622,5267,1988,2308.806338,33188.48,483017,1,13.0,2930,0
623,69,2012,14247.37433,137724.6,819497,2,18.0,1880,1
624,7707,1992,14247.37433,40410.93,99933,1,15.0,2600,0
625,17,2000,14247.37433,60790.56,1149781,2,13.0,3185,0
626,5676,2000,14247.37433,11398.23,185870,1,17.0,1620,0
627,10182,1994,14247.37433,30896.25,131913,3,12.0,2362,0
628,2288,1992,14247.37433,37302.39,599749,2,16.0,2715,1
629,3214,1993,14247.37433,47698.23,592148,2,12.0,2860,1
630,5711,1994,14247.37433,33838.75,494464,2,12.0,2080,1
631,4874,2002,14247.37433,54559.32,585173,3,18.0,2600,0
632,4871,1993,14247.37433,46792.57,443212,4,16.0,2100,1
633,2032,1996,14247.37433,34756.91,591434,3,12.0,2496,1
634,891,1994,14247.37433,70472.87,649830,1,12.0,2320,0
635,5824,1993,14247.37433,31698.19,232753,4,12.0,2600,1
636,3534,1990,14247.37433,78445.8,128732,2,16.0,3081,1
637,2872,2006,324585.4706,302747.4,661354,2,14.0,3120,1
638,710,1984,324585.4706,25178.84,634668,1,16.0,2480,0
639,9570,2000,324585.4706,68389.38,111940,2,12.0,3120,1
640,4842,2002,324585.4706,10612.39,579021,2,18.0,745,0
641,4842,1994,324585.4706,11770.0,494200,6,12.0,1240,0
642,4088,2004,324585.4706,306993.9,983345,4,13.0,2080,1
643,4398,1987,324585.4706,34549.13,233454,3,11.0,3120,1
644,6094,2008,5065.550587,42550.63,329030,4,14.0,2340,0
645,526,2004,5065.550587,306993.9,901952,2,12.0,4420,1
646,5660,2004,11544.03169,92352.25,725900,3,12.0,2600,1
647,1368,2006,11544.03169,42196.11,671032,2,16.0,2600,1
648,2325,1993,11544.03169,75471.88,531766,3,16.0,2080,1
649,739,1986,11544.03169,26008.01,682100,3,12.0,2286,0
650,4830,2014,11544.03169,138189.0,637088,5,16.0,2985,1
651,4830,2012,189964.991,326578.3,636169,5,16.0,2080,1
652,12095,1988,189964.991,326578.3,578813,3,14.0,2850,1
653,6062,1991,189964.991,31870.52,199402,4,14.0,2988,1
654,3085,2002,189964.991,26067.23,583135,3,16.0,1404,1
655,4822,2000,189964.991,25329.4,613183,2,12.0,2080,1
656,1315,1994,189964.991,82389.98,533878,4,15.0,3120,1
657,2833,1990,189964.991,36719.31,804431,4,12.0,2080,1
658,7679,2002,4849.716864,42435.02,191166,3,13.0,2340,1
659,4816,2010,25000.0,312324.0,582221,4,18.0,2340,1
660,246,1994,25000.0,58849.99,637316,3,17.0,3755,1
661,6110,1988,25000.0,105325.5,193798,1,16.0,2755,0
662,3505,1988,25000.0,53470.34,597439,1,12.0,3228,0
663,4244,2010,25000.0,312324.0,684116,5,18.0,3840,1
664,3258,1987,25000.0,30710.33,1026866,4,13.0,2229,1
665,279,1993,25000.0,52830.32,492272,1,12.0,2600,0
666,502,1990,25000.0,60086.15,585089,3,12.0,2108,1
667,807,2002,25000.0,81232.76,627837,5,16.0,2600,1
668,8670,1989,25000.0,35190.01,102066,1,16.0,2496,0
669,871,2014,25000.0,115157.5,954523,3,12.0,2600,1
670,3861,1993,25000.0,39245.38,499270,3,16.0,2080,0
671,4799,2002,25000.0,37585.3,651369,1,18.0,2080,0
672,4569,1998,25000.0,69566.84,485702,4,12.0,2496,1
673,4026,1989,25000.0,43107.76,564946,2,13.0,2706,1
674,462,2002,1212.429216,58196.6,643690,3,18.0,2080,1
675,12139,2002,1212.429216,33948.02,614607,4,12.0,3120,1
676,1301,1989,1212.429216,40468.51,614593,3,12.0,2455,0
677,5255,1992,1212.429216,26713.18,483374,3,10.0,2340,1
678,1912,2014,2994.094173,85677.16,660612,3,14.0,2878,1
679,1631,2014,23031.49364,138189.0,676339,1,16.0,3120,0
680,9373,2008,23031.49364,311858.6,157223,2,16.0,3120,1
681,7439,1992,23031.49364,25552.14,229677,4,12.0,2496,1
682,2157,2004,23031.49364,30591.68,908502,4,12.0,2080,1
683,11868,2002,12124.29216,104268.9,699815,4,16.0,2600,1
684,5335,1990,12124.29216,33381.2,682477,5,12.0,2600,1
685,5983,2012,11397.89946,109229.9,241509,1,18.0,2600,0
686,3988,1986,11397.89946,15904.61,177498,4,12.0,1660,1
687,565,1993,11397.89946,30188.75,826364,2,13.0,2080,0
688,70,1991,11397.89946,40038.34,671020,1,18.0,1854,0
689,4307,2002,11397.89946,26673.44,591462,1,14.0,2600,0
690,729,2008,303933.0352,311858.6,827958,3,13.0,3796,1
691,10198,2002,303933.0352,43647.45,189635,8,12.0,1664,1
692,8382,1991,303933.0352,40038.34,94224,1,14.0,2340,0
693,3844,1989,303933.0352,21114.0,487933,3,13.0,1578,1
694,5419,2010,26000.0,122000.0,615704,3,17.0,2860,1
695,3084,2008,709177.0822,311858.6,831767,4,16.0,3120,1
696,3058,2014,17503.935169999993,92125.98,588173,4,16.0,3120,1
697,4058,1989,17503.935169999993,70380.02,542264,3,17.0,2390,1
698,526,2002,17503.935169999993,286133.3,912333,2,12.0,3640,0
699,4356,2004,17503.935169999993,92352.25,722574,1,16.0,2340,0
700,12165,1990,17503.935169999993,46733.67,91056,4,13.0,2548,1
701,4722,1989,17503.935169999993,24633.01,604445,5,12.0,2808,1
702,4722,1987,17503.935169999993,34549.13,621469,3,12.0,2750,1
703,9737,1984,17503.935169999993,46161.2,77592,4,16.0,2600,1
704,5724,1992,17503.935169999993,20205.46,269861,4,11.0,1978,1
705,3524,2002,17503.935169999993,96994.34,522895,3,13.0,3120,0
706,4714,2002,17503.935169999993,40010.16,590199,5,12.0,2080,1
707,5808,1986,17503.935169999993,43737.67,92034,3,12.0,3070,1
708,961,2010,10000.0,140000.0,567581,5,16.0,2600,1
709,3134,1993,10000.0,24151.0,762922,3,12.0,1870,0
710,4356,2006,10000.0,119014.7,722574,1,16.0,2080,0
711,892,1988,10000.0,105325.5,539645,1,12.0,1720,0
712,5769,1986,10000.0,23856.91,117814,4,14.0,1900,0
713,2872,2004,92352.2535,306993.9,664987,2,14.0,3120,1
714,2815,1991,92352.2535,36835.27,556017,4,13.0,2860,1
715,41,1993,92352.2535,152374.7,506760,2,15.0,2750,0
716,4688,2000,92352.2535,145644.0,775468,4,16.0,2860,1
717,1050,1987,92352.2535,41267.01,507938,2,15.0,2280,1
718,3359,2004,92352.2535,86580.23,697214,2,15.0,2704,1
719,2150,1990,92352.2535,35050.25,621939,1,14.0,2260,0
720,3762,1993,92352.2535,43773.69,506515,4,12.0,2973,1
721,4729,2004,92352.2535,43773.69,765048,2,14.0,1872,1
722,5725,1988,92352.2535,14750.44,75936,4,14.0,2080,0
723,5451,1994,92352.2535,54436.24,415305,2,12.0,2985,1
724,41,2000,92352.2535,145644.0,541577,2,15.0,2860,1
725,3380,2010,92352.2535,80000.0,654025,3,14.0,2444,1
726,3389,1990,92352.2535,66762.39,690584,2,12.0,3070,1
727,12259,1991,92352.2535,130494.5,106746,2,16.0,3246,1
728,39,2010,7000.0,60000.0,1074906,3,12.0,2600,1
729,2870,1993,7000.0,60377.5,603290,3,16.0,2340,1
730,4216,1990,7000.0,16690.6,649456,3,12.0,2498,1
731,213,1991,7000.0,61659.04,475062,1,16.0,2562,0
732,4945,1998,7000.0,46823.84,655768,4,12.0,2080,1
733,4611,2012,7000.0,46823.84,960436,2,16.0,2860,1
734,4611,2008,7000.0,46823.84,832161,4,16.0,2100,0
735,4611,1993,7000.0,46823.84,678482,3,16.0,3120,1
736,5611,2002,7000.0,23036.15,242528,1,13.0,3760,0
737,4609,2012,7000.0,152124.0,726777,4,20.0,2080,1
738,4802,1993,7000.0,18113.25,483572,4,13.0,2080,1
739,6776,1996,7000.0,114002.7,144047,4,19.0,3120,1
740,657,1989,7000.0,22873.5,480406,1,16.0,2080,0
741,3405,1993,7000.0,78490.75,639891,2,13.0,2831,1
742,3406,2002,3637.287648,37585.3,720989,3,17.0,2652,0
743,3342,2002,3637.287648,32008.13,581092,3,17.0,2168,0
744,4702,2012,3637.287648,94982.49,659774,4,14.0,2600,1
745,5420,2010,4000.0,116000.0,517326,5,16.0,2600,1
746,6411,1998,4000.0,40134.72,97300,4,17.0,2080,1
747,2191,1996,4000.0,30586.08,761042,3,12.0,2600,1
748,464,2000,4000.0,73455.27,715354,4,14.0,2860,1
749,8661,1989,4000.0,35190.01,101686,1,12.0,2080,0
750,3421,2010,4000.0,96000.0,608344,1,13.0,2080,0
751,5626,2010,7000.0,82000.0,641454,2,12.0,2205,0
752,2286,2002,2424.858432,58196.6,652111,2,16.0,2080,1
753,8907,1993,2424.858432,19622.69,83388,3,12.0,2080,0
754,3152,2000,2424.858432,116515.2,655741,4,18.0,2600,1
755,6821,1988,2424.858432,55314.14,136774,2,16.0,2600,0
756,4569,2000,2424.858432,79787.61,538144,3,12.0,3120,0
757,4565,2014,2424.858432,125291.3,672352,3,16.0,2340,0
758,796,1998,2424.858432,53512.96,648320,3,16.0,2340,1
759,2215,1991,2424.858432,24023.0,483367,2,12.0,2132,0
760,285,1993,2424.858432,30188.75,103286,5,10.0,2592,1
761,1327,1988,2424.858432,14750.44,520324,3,12.0,1616,1
762,1363,2002,2424.858432,151553.7,742441,2,16.0,2600,1
763,1372,1994,2424.858432,41194.99,417122,4,16.0,2080,1
764,1039,2002,2424.858432,46072.31,607250,2,15.0,2080,0
765,819,1990,2424.858432,31378.32,713679,3,14.0,2440,0
766,3848,1986,2424.858432,43737.67,473687,2,16.0,3050,1
767,4829,2010,67000.0,312324.0,519299,3,16.0,2860,1
768,4371,1996,67000.0,52385.62,575897,4,12.0,2288,1
769,3777,1998,67000.0,40134.72,492556,4,12.0,2080,1
770,10406,2008,67000.0,40134.72,105288,3,18.0,3432,1
771,3807,1986,67000.0,37194.91,507906,2,12.0,2600,0
772,11917,1994,67000.0,58849.99,683302,3,12.0,2197,1
773,4705,1992,67000.0,87038.91,465191,1,16.0,4575,0
774,3062,1988,67000.0,105325.5,726623,1,16.0,2080,0
775,223,1989,67000.0,21114.0,235717,6,9.0,2120,0
776,570,1993,67000.0,45283.13,735053,4,12.0,3040,1
777,2725,2006,432.7806275,28130.74,692615,1,14.0,2600,0
778,4493,1989,432.7806275,40468.51,657897,2,13.0,2810,1
779,3278,1985,432.7806275,40534.57,121802,1,19.0,2352,0
780,5724,1994,432.7806275,22068.75,281178,4,11.0,2032,1
781,8706,1989,432.7806275,14262.51,141479,5,12.0,2000,1
782,4508,1998,432.7806275,66891.2,852979,1,16.0,2080,0
783,4508,1996,432.7806275,75074.93,771077,1,16.0,2340,0
784,4508,1988,432.7806275,46095.12,167913,1,16.0,2360,0
785,4508,1986,432.7806275,49701.89,169351,1,16.0,2104,0
786,12130,1994,432.7806275,17655.0,166686,3,12.0,2080,1
787,11977,1988,432.7806275,49782.73,189931,2,14.0,1464,1
788,3595,2008,432.7806275,7091.771,653222,2,12.0,2160,1
789,7563,2008,432.7806275,126638.8,295278,2,16.0,1560,1
790,3777,1989,432.7806275,51025.51,468798,5,12.0,2600,1
791,32,1994,432.7806275,44137.49,137803,1,18.0,2640,0
792,9846,1988,432.7806275,73752.19,99422,8,12.0,2520,1
793,934,1994,432.7806275,35310.0,764280,3,16.0,2546,1
794,3505,1986,432.7806275,45725.74,592449,1,12.0,2940,0
795,892,1989,432.7806275,33430.51,532508,1,12.0,2370,0
796,5162,1993,432.7806275,81509.63,506254,4,12.0,2540,1
797,2285,1993,432.7806275,37735.94,760649,4,20.0,1930,1
798,3487,2014,432.7806275,44220.47,672311,2,12.0,2080,1
799,4532,2012,432.7806275,63638.27,218442,4,16.0,1820,1
800,3762,2000,432.7806275,40527.04,593760,3,12.0,2860,1
801,1142,2008,432.7806275,311858.6,202115,1,16.0,2600,1
802,3497,2002,9093.21912,78807.9,665485,4,15.0,2600,1
803,729,1992,9093.21912,140389.1,695292,5,12.0,2460,1
804,70,1992,9093.21912,63724.92,672071,1,18.0,1550,0
805,4247,2004,9093.21912,86580.23,587762,4,13.0,2600,1
806,11977,1994,9093.21912,55907.49,187927,1,14.0,2360,0
807,4671,1991,9093.21912,16212.32,504649,4,11.0,720,1
808,11821,1989,9093.21912,66861.02,755220,1,16.0,2384,0
809,4439,1987,9093.21912,38387.91,830262,2,14.0,2125,1
810,4131,1989,9093.21912,38709.01,164842,1,13.0,2032,0
811,6942,2002,9093.21912,105481.3,94802,5,13.0,2505,1
812,6042,1994,9093.21912,50022.49,124716,1,16.0,4640,0
813,2748,2002,1091.186294,44859.88,598217,3,12.0,1760,1
814,5626,2014,38692.90932,100417.3,728931,3,12.0,2080,1
815,69,2014,13818.89619,128976.4,820681,4,18.0,2218,1
816,4569,1993,13818.89619,54339.75,454666,4,12.0,2304,1
817,7190,1992,13818.89619,26422.53,174672,1,16.0,2080,0
818,6827,1990,13818.89619,46733.67,112025,3,15.0,2080,1
819,3533,1985,13818.89619,53708.31,196127,2,14.0,2460,1
820,3533,1989,13818.89619,110560.0,209769,3,14.0,2080,1
821,4407,2014,13818.89619,341155.4,866536,2,16.0,2600,0
822,4407,2012,13818.89619,326578.3,790181,2,16.0,2600,0
823,3534,2002,13818.89619,326578.3,158707,3,16.0,3900,1
824,881,1989,13818.89619,34310.26,640411,3,16.0,1470,1
825,2437,1993,13818.89619,49811.44,493057,3,14.0,2709,1
826,3015,2014,13818.89619,341155.4,825462,3,14.0,2856,1
827,9040,1998,13818.89619,26756.48,115704,5,12.0,1864,1
828,2637,1993,13818.89619,80000.2,488944,3,16.0,2912,1
829,9316,1998,13818.89619,17391.71,160583,1,12.0,2340,0
830,2977,2002,13818.89619,36372.88,476994,1,12.0,2600,0
831,827,1988,13818.89619,105325.5,772525,2,16.0,2160,1
832,69,2002,12124.29216,86082.48,715245,2,18.0,2340,1
833,6080,1986,12124.29216,12922.49,266256,4,12.0,2360,1
834,415,1987,12124.29216,28790.94,444563,2,10.0,1800,1
835,3134,1986,12124.29216,21868.83,763135,3,12.0,1976,0
836,3228,2002,12124.29216,72745.75,585401,4,17.0,2080,1
837,9424,2002,12124.29216,84870.05,98127,1,13.0,3120,0
838,4371,1994,12124.29216,42666.24,574029,4,12.0,2495,1
839,8471,1986,12124.29216,42666.24,84346,2,12.0,2080,1
840,6286,2002,9699.433728,42666.24,123284,4,13.0,2080,1
841,11960,2004,9699.433728,46176.13,197094,4,17.0,1620,1
842,3558,2012,37992.99821000001,142473.8,693720,3,17.0,3200,1
843,1229,2012,37992.99821000001,66487.75,727122,2,12.0,2080,1
844,1144,1992,37992.99821000001,66833.45,656515,1,16.0,2830,0
845,4356,2012,37992.99821000001,47491.25,778990,1,17.0,3640,0
846,4356,2008,37992.99821000001,96245.46,748554,1,17.0,2080,0
847,3533,1994,37992.99821000001,149557.0,1118958,4,14.0,2540,1
848,3027,2002,37992.99821000001,30310.73,310705,4,12.0,2080,0
849,1901,2002,37992.99821000001,36372.88,902705,5,12.0,3356,1
850,7213,1986,37992.99821000001,41749.59,69066,4,12.0,3328,1
851,8862,1996,37992.99821000001,70703.9,117845,2,16.0,2340,1
852,3777,1996,37992.99821000001,48659.68,471176,5,12.0,2260,1
853,796,1996,37992.99821000001,82026.31,620180,2,16.0,2340,1
854,4829,2012,79785.29624,326578.3,546804,2,16.0,2860,1
855,3186,2006,79785.29624,326578.3,652774,1,16.0,2340,0
856,3062,1991,79785.29624,84881.27,734289,2,16.0,2080,1
857,4088,1987,79785.29624,113987.2,879863,2,13.0,2135,1
858,6544,1986,79785.29624,51689.97,116502,5,16.0,2496,1
859,4508,1985,79785.29624,37494.48,161856,1,16.0,2288,0
860,4318,2010,26000.0,65000.0,137861,1,14.0,2600,0
861,4318,2008,1924.909223,91179.91,127675,2,14.0,2600,1
862,4318,2006,8655.612549,34622.45,120980,2,14.0,2800,1
863,3777,1986,8655.612549,49701.89,455111,5,12.0,2080,1
864,6659,1989,8655.612549,21114.0,105774,1,14.0,4160,0
865,7430,1993,8655.612549,37735.94,433191,3,12.0,2080,1
866,5451,2000,8655.612549,60790.56,422188,4,12.0,2600,1
867,3777,1992,8655.612549,46627.99,452254,5,12.0,2600,1
868,2842,2012,8655.612549,94982.49,1366708,1,14.0,2600,0
869,2842,2010,4500.0,90000.0,1253755,1,14.0,3120,0
870,2999,1994,4500.0,36781.25,565988,2,13.0,3093,0
871,906,2014,4500.0,101338.6,831810,4,19.0,2600,0
872,4297,1994,4500.0,64734.99,490966,7,13.0,3280,1
873,5097,1988,4500.0,49782.73,613710,3,12.0,2430,1
874,1092,1989,4500.0,24633.01,639260,3,12.0,2176,0
875,4289,2008,40524.4047,311858.6,519268,4,20.0,2080,1
876,1315,2000,40524.4047,273810.8,585339,4,15.0,3120,1
877,7749,1996,40524.4047,33366.64,100208,4,16.0,3432,1
878,7563,2004,40524.4047,121212.3,313059,2,16.0,2080,1
879,4932,1996,40524.4047,39622.88,705585,4,12.0,2600,1
880,2637,1994,40524.4047,58849.99,500695,3,16.0,2976,1
881,606,1991,40524.4047,48046.0,647466,2,13.0,850,0
882,9516,2002,40524.4047,72745.75,79617,5,12.0,4160,1
883,1433,1993,40524.4047,45283.13,181836,2,17.0,2832,0
884,11834,1996,40524.4047,41708.3,819751,1,9.0,2288,0
885,2725,2004,40524.4047,10619.35,658206,1,14.0,2600,0
886,5051,1990,40524.4047,33381.2,551192,3,12.0,2080,1
887,5565,2014,40524.4047,64488.18,775920,3,16.0,3867,0
888,4043,1991,40524.4047,71748.7,587535,3,14.0,3310,1
889,4247,2014,40524.4047,6448.818,652599,1,14.0,620,0
890,5162,2000,40524.4047,94985.25,546083,4,12.0,3328,1
891,2864,2002,40524.4047,25461.01,784925,3,12.0,2080,1
892,5939,2010,500.0,35000.0,366783,4,16.0,3640,1
893,1433,1989,500.0,44867.26,183671,1,17.0,2240,0
894,4939,1993,500.0,31698.19,604315,2,16.0,2200,1
895,3575,2010,1000.0,70000.0,917422,4,12.0,2236,1
896,7119,2012,1000.0,326578.3,248698,4,20.0,3120,1
897,11778,2002,606.214608,58196.6,198916,1,15.0,2080,0
898,3086,1990,606.214608,61755.21,711579,1,16.0,2280,0
899,1102,1993,606.214608,152374.7,964321,2,15.0,2070,1
900,4350,1988,606.214608,41485.61,674574,2,16.0,2628,1
901,3389,1988,606.214608,105325.5,656757,2,12.0,2600,1
902,5039,2010,6500.0,86500.0,672703,3,18.0,2392,1
903,2343,2012,379.9299821,51290.55,641653,2,16.0,2236,1
904,9710,1989,379.9299821,35190.01,102974,1,13.0,2534,0
905,4297,1991,379.9299821,67264.41,474814,4,13.0,3324,1
906,8862,2000,379.9299821,48125.86,132322,2,16.0,2600,1
907,4609,2010,379.9299821,160000.0,643317,4,20.0,2392,1
908,9876,1992,379.9299821,88593.18,119328,4,13.0,3160,1
909,7328,1989,379.9299821,21114.0,116881,2,16.0,2080,1
910,5594,2002,379.9299821,67896.04,683063,4,17.0,3328,1
911,770,2014,379.9299821,23952.75,801471,1,12.0,3512,0
912,7652,2014,6448.81822,69094.48,131980,3,14.0,2886,0
913,2125,1990,6448.81822,7510.769,503315,4,9.0,1020,1
914,3637,1998,6448.81822,29432.13,539186,1,12.0,2080,0
915,7081,1992,6448.81822,18651.2,126057,5,13.0,2210,0
916,3673,1986,6448.81822,59642.27,548636,1,16.0,2550,0
917,3555,2000,6448.81822,10131.76,668610,4,12.0,1600,1
918,2015,1992,6448.81822,20982.6,591900,3,13.0,1955,1
919,967,2002,3637.287648,54559.32,587535,4,12.0,2340,1
920,4925,2002,3637.287648,61470.16,585992,5,12.0,2600,1
921,871,2010,3637.287648,60000.0,921340,1,12.0,2600,1
922,6411,1994,3637.287648,36781.25,90634,4,17.0,2524,1
923,1843,1984,3637.287648,76740.9,762064,4,17.0,2080,1
924,3882,1992,3637.287648,59062.12,709719,1,16.0,2125,0
925,4137,1992,3637.287648,45073.73,565028,6,16.0,2444,0
926,3700,1986,3637.287648,26640.21,137071,3,13.0,2112,0
927,7360,2006,3637.287648,106031.3,124668,2,19.0,3810,1
928,3062,1985,3637.287648,79830.81,700417,1,16.0,2080,0
929,2943,1993,3637.287648,83019.07,701302,2,16.0,2080,1
930,3645,1993,3637.287648,152374.7,715028,4,13.0,3780,1
931,3707,1988,3637.287648,105325.5,790194,5,16.0,2080,1
932,729,1989,3637.287648,110560.0,676536,4,12.0,2908,1
933,5746,1992,3637.287648,29531.06,112014,5,12.0,2220,1
934,6947,1996,3637.287648,9036.797,272640,1,12.0,2496,0
935,5899,1988,3637.287648,20281.85,150904,2,13.0,1460,0
936,5724,1990,3637.287648,20281.85,280394,4,11.0,1870,1
937,5222,1998,3637.287648,40134.72,118061,4,17.0,2080,1
938,5531,1991,3637.287648,72069.01,695989,4,12.0,2600,1
939,3719,1994,3637.287648,17655.0,627996,4,12.0,1530,1
940,3719,1996,3637.287648,27805.53,633416,4,12.0,1880,1
941,2783,2002,3637.287648,27805.53,559944,4,12.0,3120,1
942,6663,2002,1576.157981,84870.05,99234,1,18.0,3640,0
943,1082,1992,1576.157981,77713.32,665944,3,16.0,2340,1
944,766,1990,1576.157981,26704.96,579088,3,12.0,2260,0
945,4088,1989,1576.157981,110560.0,852759,2,13.0,2240,1
946,7707,1994,1576.157981,42666.24,105929,1,15.0,2600,0
947,1189,2002,1576.157981,50922.03,238209,2,14.0,2080,1
948,7576,2002,1576.157981,38797.73,131551,4,16.0,2080,1
949,5226,2004,8658.023766,98701.47,731931,5,16.0,2600,1
950,8328,1994,8658.023766,13241.25,82593,2,12.0,2130,1
951,6120,2006,8658.023766,43278.06,134258,1,12.0,2080,0
952,4702,2010,22000.0,128800.0,663069,4,14.0,2756,1
953,9,2002,22000.0,60621.46,811222,4,14.0,2860,1
954,2637,1986,22000.0,39761.52,493037,1,16.0,2600,0
955,2437,1987,22000.0,49904.29,504548,3,14.0,3245,1
956,2589,2008,22000.0,148927.2,614194,4,20.0,2600,1
957,195,2008,22000.0,311858.6,754363,5,18.0,2600,1
958,5539,2002,22000.0,48497.17,233533,4,12.0,3360,1
959,7119,2014,22000.0,161220.5,282339,6,20.0,825,1
960,5257,2002,606.214608,34554.23,733490,3,12.0,2600,0
961,3777,1990,606.214608,58417.09,473799,5,12.0,2570,1
962,2724,1993,606.214608,70943.56,554519,3,17.0,3630,1
963,4049,2000,606.214608,25329.4,612675,6,12.0,2080,1
964,5824,1994,606.214608,36781.25,233199,2,12.0,2600,1
965,4043,2012,606.214608,326578.3,622561,3,14.0,5720,1
966,4043,1994,606.214608,149557.0,569731,4,14.0,3516,1
967,1303,2014,606.214608,109629.9,737578,3,18.0,2535,1
968,4674,1985,606.214608,20024.08,563686,3,14.0,2128,0
969,12545,1986,606.214608,57654.2,80321,3,14.0,3640,1
970,10311,1993,606.214608,25660.44,106019,1,12.0,1840,0
971,3700,1985,606.214608,12160.37,135129,5,13.0,1035,0
972,1315,1991,606.214608,35233.73,536508,2,15.0,1839,1
973,5497,2000,606.214608,27862.34,554093,3,12.0,2080,1
974,4030,1994,606.214608,25011.25,663065,2,16.0,2736,1
975,3777,1991,606.214608,52850.61,446975,5,12.0,2516,1
976,3777,1993,606.214608,52830.32,451333,5,12.0,2440,1
977,4026,2002,606.214608,63046.32,656643,5,13.0,1960,1
978,10402,1988,606.214608,38719.9,63848,2,13.0,2440,0
979,4592,2008,606.214608,51668.62,533054,3,17.0,3848,0
980,1515,2006,606.214608,72490.76,733143,4,12.0,2600,1
981,3798,2002,606.214608,56984.17,512258,7,18.0,1540,1
982,5226,2012,9498.249552,109229.9,822250,2,16.0,2600,1
983,10393,1984,9498.249552,20982.36,57656,3,16.0,1826,0
984,4508,2012,2232.088645,45591.6,1046667,1,16.0,2340,0
985,4668,2004,2232.088645,306993.9,623975,4,16.0,3640,1
986,11929,2002,2232.088645,84870.05,809158,3,20.0,2496,1
987,7862,2006,10819.51569,84870.05,165766,3,14.0,2964,1
988,2797,2010,10819.51569,35000.0,236635,2,12.0,2080,1
989,2797,2012,10819.51569,23745.62,236868,3,12.0,2080,1
990,32,1992,10819.51569,9325.599,138170,4,18.0,720,1
991,3743,2004,92352.2535,306993.9,732853,5,18.0,2860,1
992,1780,1993,92352.2535,36226.5,506762,3,12.0,3270,1
993,5358,1992,92352.2535,69941.98,499310,2,14.0,3317,1
994,9457,1989,92352.2535,110560.0,59389,1,17.0,1910,0
995,7720,2008,13980.91962,123599.4,374694,5,18.0,2532,1
996,6738,1993,13980.91962,60377.5,91816,3,12.0,3045,0
997,3984,1992,13980.91962,140389.1,851843,2,16.0,3120,1
998,3984,1988,13980.91962,105325.5,866558,1,16.0,2946,0
999,871,2008,13980.91962,70917.71,874960,1,12.0,3120,1
